param_value,n_nodes,run_id,tau,alpha
10,10,0,751,0.0
10,10,1,349,0.0
10,10,2,557,0.0
10,10,3,568,0.0
10,10,4,782,0.0
10,10,5,681,0.0
10,10,6,1016,0.0
10,10,7,433,0.0
10,10,8,292,0.0
10,10,9,408,0.0
10,10,10,324,0.0
10,10,11,672,0.0
10,10,12,444,0.0
10,10,13,795,0.0
10,10,14,1048,0.0
10,10,15,511,0.0
10,10,16,483,0.0
10,10,17,595,0.0
10,10,18,577,0.0
10,10,19,705,0.0
10,10,20,324,0.0
10,10,21,386,0.0
10,10,22,603,0.0
10,10,23,506,0.0
10,10,24,666,0.0
10,10,25,510,0.0
10,10,26,557,0.0
10,10,27,299,0.0
10,10,28,448,0.0
10,10,29,484,0.0
10,10,30,547,0.0
10,10,31,495,0.0
10,10,32,580,0.0
10,10,33,746,0.0
10,10,34,825,0.0
10,10,35,830,0.0
10,10,36,871,0.0
10,10,37,415,0.0
10,10,38,574,0.0
10,10,39,915,0.0
10,10,40,534,0.0
10,10,41,440,0.0
10,10,42,426,0.0
10,10,43,820,0.0
10,10,44,895,0.0
10,10,45,711,0.0
10,10,46,603,0.0
10,10,47,603,0.0
10,10,48,646,0.0
10,10,49,555,0.0
10,10,50,579,0.0
10,10,51,918,0.0
10,10,52,489,0.0
10,10,53,642,0.0
10,10,54,643,0.0
10,10,55,505,0.0
10,10,56,688,0.0
10,10,57,551,0.0
10,10,58,950,0.0
10,10,59,475,0.0
10,10,60,357,0.0
10,10,61,745,0.0
10,10,62,951,0.0
10,10,63,488,0.0
10,10,64,612,0.0
10,10,65,398,0.0
10,10,66,878,0.0
10,10,67,322,0.0
10,10,68,1131,0.0
10,10,69,554,0.0
10,10,70,659,0.0
10,10,71,636,0.0
10,10,72,908,0.0
10,10,73,987,0.0
10,10,74,679,0.0
10,10,75,431,0.0
10,10,76,705,0.0
10,10,77,582,0.0
10,10,78,1008,0.0
10,10,79,1014,0.0
10,10,80,722,0.0
10,10,81,444,0.0
10,10,82,787,0.0
10,10,83,845,0.0
10,10,84,469,0.0
10,10,85,928,0.0
10,10,86,694,0.0
10,10,87,439,0.0
10,10,88,513,0.0
10,10,89,532,0.0
10,10,90,1287,0.0
10,10,91,725,0.0
10,10,92,717,0.0
10,10,93,590,0.0
10,10,94,547,0.0
10,10,95,466,0.0
10,10,96,793,0.0
10,10,97,886,0.0
10,10,98,961,0.0
10,10,99,478,0.0
10,10,100,654,0.0
10,10,101,802,0.0
10,10,102,774,0.0
10,10,103,505,0.0
10,10,104,636,0.0
10,10,105,831,0.0
10,10,106,627,0.0
10,10,107,786,0.0
10,10,108,682,0.0
10,10,109,623,0.0
10,10,110,575,0.0
10,10,111,484,0.0
10,10,112,547,0.0
10,10,113,478,0.0
10,10,114,682,0.0
10,10,115,505,0.0
10,10,116,728,0.0
10,10,117,445,0.0
10,10,118,718,0.0
10,10,119,795,0.0
10,10,120,693,0.0
10,10,121,541,0.0
10,10,122,985,0.0
10,10,123,406,0.0
10,10,124,757,0.0
10,10,125,443,0.0
10,10,126,1130,0.0
10,10,127,1018,0.0
10,10,128,447,0.0
10,10,129,608,0.0
10,10,130,686,0.0
10,10,131,461,0.0
10,10,132,799,0.0
10,10,133,710,0.0
10,10,134,672,0.0
10,10,135,450,0.0
10,10,136,294,0.0
10,10,137,925,0.0
10,10,138,619,0.0
10,10,139,805,0.0
10,10,140,978,0.0
10,10,141,792,0.0
10,10,142,343,0.0
10,10,143,448,0.0
10,10,144,564,0.0
10,10,145,504,0.0
10,10,146,558,0.0
10,10,147,547,0.0
10,10,148,783,0.0
10,10,149,532,0.0
30,10,0,2607,0.0
30,10,1,4405,0.0
30,10,2,6296,0.0
30,10,3,3281,0.0
30,10,4,7904,0.0
30,10,5,5179,0.0
30,10,6,5255,0.0
30,10,7,6276,0.0
30,10,8,4144,0.0
30,10,9,4850,0.0
30,10,10,3831,0.0
30,10,11,5813,0.0
30,10,12,6299,0.0
30,10,13,7097,0.0
30,10,14,6748,0.0
30,10,15,5780,0.0
30,10,16,9480,0.0
30,10,17,6805,0.0
30,10,18,3629,0.0
30,10,19,5017,0.0
30,10,20,16000,0.0
30,10,21,5572,0.0
30,10,22,9272,0.0
30,10,23,4457,0.0
30,10,24,5888,0.0
30,10,25,5701,0.0
30,10,26,8953,0.0
30,10,27,4323,0.0
30,10,28,3521,0.0
30,10,29,6074,0.0
30,10,30,4733,0.0
30,10,31,4286,0.0
30,10,32,7629,0.0
30,10,33,5965,0.0
30,10,34,7088,0.0
30,10,35,5111,0.0
30,10,36,8506,0.0
30,10,37,6090,0.0
30,10,38,4777,0.0
30,10,39,7496,0.0
30,10,40,7425,0.0
30,10,41,4382,0.0
30,10,42,8410,0.0
30,10,43,8553,0.0
30,10,44,6475,0.0
30,10,45,5978,0.0
30,10,46,3394,0.0
30,10,47,3275,0.0
30,10,48,6241,0.0
30,10,49,8081,0.0
30,10,50,5907,0.0
30,10,51,6174,0.0
30,10,52,9053,0.0
30,10,53,5950,0.0
30,10,54,3932,0.0
30,10,55,5267,0.0
30,10,56,6379,0.0
30,10,57,7765,0.0
30,10,58,5839,0.0
30,10,59,6489,0.0
30,10,60,6225,0.0
30,10,61,8763,0.0
30,10,62,7268,0.0
30,10,63,6618,0.0
30,10,64,5483,0.0
30,10,65,6922,0.0
30,10,66,7940,0.0
30,10,67,8521,0.0
30,10,68,5138,0.0
30,10,69,5228,0.0
30,10,70,5765,0.0
30,10,71,5349,0.0
30,10,72,4044,0.0
30,10,73,6859,0.0
30,10,74,5135,0.0
30,10,75,3954,0.0
30,10,76,3161,0.0
30,10,77,4286,0.0
30,10,78,5698,0.0
30,10,79,5297,0.0
30,10,80,3593,0.0
30,10,81,8178,0.0
30,10,82,5081,0.0
30,10,83,5402,0.0
30,10,84,3829,0.0
30,10,85,6462,0.0
30,10,86,3233,0.0
30,10,87,4554,0.0
30,10,88,3943,0.0
30,10,89,5881,0.0
30,10,90,6818,0.0
30,10,91,7162,0.0
30,10,92,5127,0.0
30,10,93,5183,0.0
30,10,94,8557,0.0
30,10,95,3677,0.0
30,10,96,6766,0.0
30,10,97,6237,0.0
30,10,98,5387,0.0
30,10,99,8203,0.0
30,10,100,6959,0.0
30,10,101,6357,0.0
30,10,102,6768,0.0
30,10,103,4542,0.0
30,10,104,5611,0.0
30,10,105,7905,0.0
30,10,106,9350,0.0
30,10,107,2909,0.0
30,10,108,7196,0.0
30,10,109,4251,0.0
30,10,110,5738,0.0
30,10,111,7704,0.0
30,10,112,7703,0.0
30,10,113,6438,0.0
30,10,114,7453,0.0
30,10,115,5527,0.0
30,10,116,9457,0.0
30,10,117,5207,0.0
30,10,118,6993,0.0
30,10,119,5687,0.0
30,10,120,10400,0.0
30,10,121,4312,0.0
30,10,122,7260,0.0
30,10,123,6397,0.0
30,10,124,7889,0.0
30,10,125,5542,0.0
30,10,126,5533,0.0
30,10,127,3965,0.0
30,10,128,2644,0.0
30,10,129,5449,0.0
30,10,130,3886,0.0
30,10,131,7035,0.0
30,10,132,3851,0.0
30,10,133,11853,0.0
30,10,134,7871,0.0
30,10,135,4937,0.0
30,10,136,5684,0.0
30,10,137,4059,0.0
30,10,138,5701,0.0
30,10,139,5174,0.0
30,10,140,7357,0.0
30,10,141,6135,0.0
30,10,142,8338,0.0
30,10,143,5770,0.0
30,10,144,5672,0.0
30,10,145,3962,0.0
30,10,146,3780,0.0
30,10,147,4628,0.0
30,10,148,4764,0.0
30,10,149,4848,0.0
50,10,0,16489,0.0
50,10,1,23849,0.0
50,10,2,17637,0.0
50,10,3,10771,0.0
50,10,4,15446,0.0
50,10,5,10328,0.0
50,10,6,12496,0.0
50,10,7,20820,0.0
50,10,8,17981,0.0
50,10,9,11678,0.0
50,10,10,16430,0.0
50,10,11,10405,0.0
50,10,12,15988,0.0
50,10,13,22263,0.0
50,10,14,14683,0.0
50,10,15,15885,0.0
50,10,16,20299,0.0
50,10,17,22286,0.0
50,10,18,15124,0.0
50,10,19,12133,0.0
50,10,20,38610,0.0
50,10,21,9203,0.0
50,10,22,15049,0.0
50,10,23,19196,0.0
50,10,24,17408,0.0
50,10,25,18847,0.0
50,10,26,19090,0.0
50,10,27,16283,0.0
50,10,28,8015,0.0
50,10,29,15532,0.0
50,10,30,14201,0.0
50,10,31,17046,0.0
50,10,32,23906,0.0
50,10,33,23071,0.0
50,10,34,20135,0.0
50,10,35,12566,0.0
50,10,36,18143,0.0
50,10,37,17235,0.0
50,10,38,18886,0.0
50,10,39,23830,0.0
50,10,40,14873,0.0
50,10,41,17226,0.0
50,10,42,15473,0.0
50,10,43,19281,0.0
50,10,44,19410,0.0
50,10,45,9991,0.0
50,10,46,15615,0.0
50,10,47,15641,0.0
50,10,48,11382,0.0
50,10,49,19699,0.0
50,10,50,15226,0.0
50,10,51,23840,0.0
50,10,52,13926,0.0
50,10,53,15653,0.0
50,10,54,9057,0.0
50,10,55,15498,0.0
50,10,56,15294,0.0
50,10,57,20803,0.0
50,10,58,8227,0.0
50,10,59,12595,0.0
50,10,60,10979,0.0
50,10,61,19817,0.0
50,10,62,19372,0.0
50,10,63,20412,0.0
50,10,64,13295,0.0
50,10,65,13502,0.0
50,10,66,18641,0.0
50,10,67,11926,0.0
50,10,68,13739,0.0
50,10,69,10982,0.0
50,10,70,19213,0.0
50,10,71,7307,0.0
50,10,72,19717,0.0
50,10,73,11038,0.0
50,10,74,17737,0.0
50,10,75,12041,0.0
50,10,76,16482,0.0
50,10,77,17282,0.0
50,10,78,13649,0.0
50,10,79,12741,0.0
50,10,80,12516,0.0
50,10,81,19757,0.0
50,10,82,10768,0.0
50,10,83,11786,0.0
50,10,84,13641,0.0
50,10,85,22800,0.0
50,10,86,13590,0.0
50,10,87,12062,0.0
50,10,88,8718,0.0
50,10,89,19564,0.0
50,10,90,23189,0.0
50,10,91,16864,0.0
50,10,92,13154,0.0
50,10,93,19966,0.0
50,10,94,32102,0.0
50,10,95,14042,0.0
50,10,96,22000,0.0
50,10,97,20760,0.0
50,10,98,11893,0.0
50,10,99,15498,0.0
50,10,100,9584,0.0
50,10,101,16607,0.0
50,10,102,16374,0.0
50,10,103,14478,0.0
50,10,104,20096,0.0
50,10,105,14445,0.0
50,10,106,18760,0.0
50,10,107,19550,0.0
50,10,108,13933,0.0
50,10,109,18373,0.0
50,10,110,14369,0.0
50,10,111,17873,0.0
50,10,112,15203,0.0
50,10,113,10638,0.0
50,10,114,15717,0.0
50,10,115,13960,0.0
50,10,116,21485,0.0
50,10,117,11957,0.0
50,10,118,22742,0.0
50,10,119,22518,0.0
50,10,120,15765,0.0
50,10,121,11881,0.0
50,10,122,24176,0.0
50,10,123,12593,0.0
50,10,124,20754,0.0
50,10,125,12166,0.0
50,10,126,12814,0.0
50,10,127,10154,0.0
50,10,128,9136,0.0
50,10,129,18266,0.0
50,10,130,11479,0.0
50,10,131,18001,0.0
50,10,132,11645,0.0
50,10,133,20053,0.0
50,10,134,17427,0.0
50,10,135,21354,0.0
50,10,136,17614,0.0
50,10,137,15760,0.0
50,10,138,20614,0.0
50,10,139,18971,0.0
50,10,140,20791,0.0
50,10,141,15026,0.0
50,10,142,15794,0.0
50,10,143,13378,0.0
50,10,144,12300,0.0
50,10,145,19455,0.0
50,10,146,14996,0.0
50,10,147,14417,0.0
50,10,148,13832,0.0
50,10,149,13752,0.0
100,10,0,95907,0.0
100,10,1,88694,0.0
100,10,2,28686,0.0
100,10,3,51676,0.0
100,10,4,67848,0.0
100,10,5,84942,0.0
100,10,6,58876,0.0
100,10,7,72658,0.0
100,10,8,50169,0.0
100,10,9,60111,0.0
100,10,10,62007,0.0
100,10,11,42217,0.0
100,10,12,85080,0.0
100,10,13,75356,0.0
100,10,14,76335,0.0
100,10,15,65190,0.0
100,10,16,53716,0.0
100,10,17,77836,0.0
100,10,18,75333,0.0
100,10,19,83693,0.0
100,10,20,98904,0.0
100,10,21,69762,0.0
100,10,22,150144,0.0
100,10,23,103539,0.0
100,10,24,70112,0.0
100,10,25,68826,0.0
100,10,26,72777,0.0
100,10,27,80180,0.0
100,10,28,69002,0.0
100,10,29,126009,0.0
100,10,30,91856,0.0
100,10,31,76433,0.0
100,10,32,107306,0.0
100,10,33,48893,0.0
100,10,34,59322,0.0
100,10,35,32821,0.0
100,10,36,70934,0.0
100,10,37,60876,0.0
100,10,38,38498,0.0
100,10,39,83497,0.0
100,10,40,90515,0.0
100,10,41,88335,0.0
100,10,42,63382,0.0
100,10,43,66056,0.0
100,10,44,40436,0.0
100,10,45,33521,0.0
100,10,46,60957,0.0
100,10,47,65374,0.0
100,10,48,39500,0.0
100,10,49,67021,0.0
100,10,50,73048,0.0
100,10,51,66704,0.0
100,10,52,60835,0.0
100,10,53,72864,0.0
100,10,54,64312,0.0
100,10,55,94951,0.0
100,10,56,59707,0.0
100,10,57,61067,0.0
100,10,58,55096,0.0
100,10,59,48938,0.0
100,10,60,58252,0.0
100,10,61,68048,0.0
100,10,62,66506,0.0
100,10,63,41685,0.0
100,10,64,67220,0.0
100,10,65,66227,0.0
100,10,66,116172,0.0
100,10,67,81615,0.0
100,10,68,75813,0.0
100,10,69,107774,0.0
100,10,70,89904,0.0
100,10,71,60548,0.0
100,10,72,72686,0.0
100,10,73,71948,0.0
100,10,74,65644,0.0
100,10,75,84836,0.0
100,10,76,47459,0.0
100,10,77,89302,0.0
100,10,78,70172,0.0
100,10,79,52586,0.0
100,10,80,62256,0.0
100,10,81,79264,0.0
100,10,82,36445,0.0
100,10,83,63097,0.0
100,10,84,60213,0.0
100,10,85,55131,0.0
100,10,86,52996,0.0
100,10,87,80391,0.0
100,10,88,40937,0.0
100,10,89,40160,0.0
100,10,90,55040,0.0
100,10,91,67275,0.0
100,10,92,75845,0.0
100,10,93,73351,0.0
100,10,94,50071,0.0
100,10,95,52781,0.0
100,10,96,51068,0.0
100,10,97,63446,0.0
100,10,98,112991,0.0
100,10,99,29541,0.0
100,10,100,49470,0.0
100,10,101,49930,0.0
100,10,102,41517,0.0
100,10,103,36889,0.0
100,10,104,38312,0.0
100,10,105,54166,0.0
100,10,106,101254,0.0
100,10,107,64536,0.0
100,10,108,50407,0.0
100,10,109,71416,0.0
100,10,110,56509,0.0
100,10,111,53153,0.0
100,10,112,80710,0.0
100,10,113,52346,0.0
100,10,114,43579,0.0
100,10,115,117215,0.0
100,10,116,51464,0.0
100,10,117,77345,0.0
100,10,118,37292,0.0
100,10,119,65059,0.0
100,10,120,79376,0.0
100,10,121,116899,0.0
100,10,122,67508,0.0
100,10,123,83946,0.0
100,10,124,67367,0.0
100,10,125,74073,0.0
100,10,126,70693,0.0
100,10,127,62610,0.0
100,10,128,73864,0.0
100,10,129,71996,0.0
100,10,130,43057,0.0
100,10,131,56556,0.0
100,10,132,50610,0.0
100,10,133,43807,0.0
100,10,134,68892,0.0
100,10,135,74997,0.0
100,10,136,65158,0.0
100,10,137,56194,0.0
100,10,138,80592,0.0
100,10,139,42811,0.0
100,10,140,50171,0.0
100,10,141,72227,0.0
100,10,142,106463,0.0
100,10,143,67047,0.0
100,10,144,57258,0.0
100,10,145,89549,0.0
100,10,146,58780,0.0
100,10,147,54366,0.0
100,10,148,51793,0.0
100,10,149,57777,0.0
150,10,0,315562,0.0
150,10,1,187697,0.0
150,10,2,119675,0.0
150,10,3,125323,0.0
150,10,4,153687,0.0
150,10,5,139787,0.0
150,10,6,145317,0.0
150,10,7,150972,0.0
150,10,8,125518,0.0
150,10,9,139270,0.0
150,10,10,116744,0.0
150,10,11,101282,0.0
150,10,12,206418,0.0
150,10,13,129996,0.0
150,10,14,155653,0.0
150,10,15,157634,0.0
150,10,16,152192,0.0
150,10,17,127893,0.0
150,10,18,94165,0.0
150,10,19,185090,0.0
150,10,20,131663,0.0
150,10,21,134599,0.0
150,10,22,180007,0.0
150,10,23,198934,0.0
150,10,24,126999,0.0
150,10,25,162767,0.0
150,10,26,176277,0.0
150,10,27,169718,0.0
150,10,28,183691,0.0
150,10,29,203562,0.0
150,10,30,113965,0.0
150,10,31,127455,0.0
150,10,32,184881,0.0
150,10,33,120180,0.0
150,10,34,105173,0.0
150,10,35,141795,0.0
150,10,36,123316,0.0
150,10,37,103735,0.0
150,10,38,138433,0.0
150,10,39,203200,0.0
150,10,40,159719,0.0
150,10,41,146720,0.0
150,10,42,200631,0.0
150,10,43,154861,0.0
150,10,44,131332,0.0
150,10,45,97745,0.0
150,10,46,208822,0.0
150,10,47,205179,0.0
150,10,48,47453,0.0
150,10,49,114797,0.0
150,10,50,109108,0.0
150,10,51,101175,0.0
150,10,52,215483,0.0
150,10,53,179200,0.0
150,10,54,99156,0.0
150,10,55,156271,0.0
150,10,56,156339,0.0
150,10,57,83165,0.0
150,10,58,102968,0.0
150,10,59,110999,0.0
150,10,60,104103,0.0
150,10,61,131963,0.0
150,10,62,100253,0.0
150,10,63,145258,0.0
150,10,64,179810,0.0
150,10,65,171992,0.0
150,10,66,215102,0.0
150,10,67,136635,0.0
150,10,68,94622,0.0
150,10,69,178037,0.0
150,10,70,210127,0.0
150,10,71,183756,0.0
150,10,72,101699,0.0
150,10,73,143782,0.0
150,10,74,131122,0.0
150,10,75,144882,0.0
150,10,76,131143,0.0
150,10,77,228359,0.0
150,10,78,180481,0.0
150,10,79,154913,0.0
150,10,80,135352,0.0
150,10,81,129643,0.0
150,10,82,156796,0.0
150,10,83,129465,0.0
150,10,84,100264,0.0
150,10,85,94236,0.0
150,10,86,90659,0.0
150,10,87,112475,0.0
150,10,88,105359,0.0
150,10,89,99848,0.0
150,10,90,169493,0.0
150,10,91,100031,0.0
150,10,92,236935,0.0
150,10,93,226711,0.0
150,10,94,120227,0.0
150,10,95,85883,0.0
150,10,96,73455,0.0
150,10,97,142875,0.0
150,10,98,184285,0.0
150,10,99,67927,0.0
150,10,100,169839,0.0
150,10,101,157013,0.0
150,10,102,86474,0.0
150,10,103,136615,0.0
150,10,104,167182,0.0
150,10,105,167661,0.0
150,10,106,199187,0.0
150,10,107,149706,0.0
150,10,108,130921,0.0
150,10,109,109579,0.0
150,10,110,137887,0.0
150,10,111,102555,0.0
150,10,112,166127,0.0
150,10,113,154167,0.0
150,10,114,131027,0.0
150,10,115,181215,0.0
150,10,116,215033,0.0
150,10,117,190415,0.0
150,10,118,141671,0.0
150,10,119,93775,0.0
150,10,120,106972,0.0
150,10,121,164149,0.0
150,10,122,165862,0.0
150,10,123,165325,0.0
150,10,124,149999,0.0
150,10,125,175381,0.0
150,10,126,201404,0.0
150,10,127,122729,0.0
150,10,128,97378,0.0
150,10,129,115551,0.0
150,10,130,118330,0.0
150,10,131,124052,0.0
150,10,132,99549,0.0
150,10,133,218895,0.0
150,10,134,129795,0.0
150,10,135,115410,0.0
150,10,136,124333,0.0
150,10,137,151797,0.0
150,10,138,157888,0.0
150,10,139,70115,0.0
150,10,140,162510,0.0
150,10,141,99707,0.0
150,10,142,159723,0.0
150,10,143,135322,0.0
150,10,144,128380,0.0
150,10,145,143898,0.0
150,10,146,155780,0.0
150,10,147,94702,0.0
150,10,148,142508,0.0
150,10,149,270312,0.0
200,10,0,357114,0.0
200,10,1,323290,0.0
200,10,2,180922,0.0
200,10,3,308398,0.0
200,10,4,229395,0.0
200,10,5,301122,0.0
200,10,6,301968,0.0
200,10,7,504870,0.0
200,10,8,193776,0.0
200,10,9,277600,0.0
200,10,10,255307,0.0
200,10,11,158074,0.0
200,10,12,380511,0.0
200,10,13,323118,0.0
200,10,14,213169,0.0
200,10,15,344643,0.0
200,10,16,232815,0.0
200,10,17,152051,0.0
200,10,18,250468,0.0
200,10,19,434681,0.0
200,10,20,291963,0.0
200,10,21,258869,0.0
200,10,22,327155,0.0
200,10,23,334994,0.0
200,10,24,141631,0.0
200,10,25,194529,0.0
200,10,26,222441,0.0
200,10,27,327872,0.0
200,10,28,222266,0.0
200,10,29,293373,0.0
200,10,30,290877,0.0
200,10,31,191829,0.0
200,10,32,397137,0.0
200,10,33,269621,0.0
200,10,34,178344,0.0
200,10,35,179450,0.0
200,10,36,195400,0.0
200,10,37,229167,0.0
200,10,38,275790,0.0
200,10,39,336822,0.0
200,10,40,226929,0.0
200,10,41,237046,0.0
200,10,42,228514,0.0
200,10,43,222404,0.0
200,10,44,333739,0.0
200,10,45,143337,0.0
200,10,46,281396,0.0
200,10,47,384073,0.0
200,10,48,89776,0.0
200,10,49,206122,0.0
200,10,50,231049,0.0
200,10,51,236850,0.0
200,10,52,309520,0.0
200,10,53,266925,0.0
200,10,54,194094,0.0
200,10,55,327660,0.0
200,10,56,233110,0.0
200,10,57,185992,0.0
200,10,58,187085,0.0
200,10,59,140924,0.0
200,10,60,199313,0.0
200,10,61,308493,0.0
200,10,62,204369,0.0
200,10,63,287384,0.0
200,10,64,466157,0.0
200,10,65,247466,0.0
200,10,66,283313,0.0
200,10,67,236521,0.0
200,10,68,236537,0.0
200,10,69,269400,0.0
200,10,70,248975,0.0
200,10,71,353075,0.0
200,10,72,257798,0.0
200,10,73,312219,0.0
200,10,74,175277,0.0
200,10,75,217950,0.0
200,10,76,253583,0.0
200,10,77,351284,0.0
200,10,78,329670,0.0
200,10,79,443674,0.0
200,10,80,193294,0.0
200,10,81,239326,0.0
200,10,82,214372,0.0
200,10,83,196226,0.0
200,10,84,216545,0.0
200,10,85,139351,0.0
200,10,86,261502,0.0
200,10,87,218384,0.0
200,10,88,275927,0.0
200,10,89,173010,0.0
200,10,90,221742,0.0
200,10,91,188283,0.0
200,10,92,363774,0.0
200,10,93,292629,0.0
200,10,94,286728,0.0
200,10,95,100863,0.0
200,10,96,144109,0.0
200,10,97,301887,0.0
200,10,98,243339,0.0
200,10,99,192571,0.0
200,10,100,341420,0.0
200,10,101,278261,0.0
200,10,102,223010,0.0
200,10,103,339206,0.0
200,10,104,227648,0.0
200,10,105,269125,0.0
200,10,106,237400,0.0
200,10,107,384957,0.0
200,10,108,202028,0.0
200,10,109,300307,0.0
200,10,110,427633,0.0
200,10,111,152089,0.0
200,10,112,219462,0.0
200,10,113,291225,0.0
200,10,114,337352,0.0
200,10,115,295343,0.0
200,10,116,345212,0.0
200,10,117,246985,0.0
200,10,118,215633,0.0
200,10,119,235806,0.0
200,10,120,148871,0.0
200,10,121,199165,0.0
200,10,122,309920,0.0
200,10,123,280713,0.0
200,10,124,194540,0.0
200,10,125,341098,0.0
200,10,126,242364,0.0
200,10,127,226270,0.0
200,10,128,166003,0.0
200,10,129,333007,0.0
200,10,130,303351,0.0
200,10,131,180028,0.0
200,10,132,200401,0.0
200,10,133,300089,0.0
200,10,134,210658,0.0
200,10,135,160562,0.0
200,10,136,180925,0.0
200,10,137,208191,0.0
200,10,138,262209,0.0
200,10,139,138080,0.0
200,10,140,316203,0.0
200,10,141,247810,0.0
200,10,142,281654,0.0
200,10,143,225716,0.0
200,10,144,171696,0.0
200,10,145,358985,0.0
200,10,146,256821,0.0
200,10,147,143958,0.0
200,10,148,172799,0.0
200,10,149,473998,0.0
10,30,0,3580,0.0
10,30,1,2826,0.0
10,30,2,4010,0.0
10,30,3,4761,0.0
10,30,4,4916,0.0
10,30,5,2946,0.0
10,30,6,3719,0.0
10,30,7,2457,0.0
10,30,8,3638,0.0
10,30,9,3825,0.0
10,30,10,2881,0.0
10,30,11,3298,0.0
10,30,12,4281,0.0
10,30,13,3345,0.0
10,30,14,3678,0.0
10,30,15,3917,0.0
10,30,16,3616,0.0
10,30,17,3029,0.0
10,30,18,2843,0.0
10,30,19,4654,0.0
10,30,20,4636,0.0
10,30,21,3054,0.0
10,30,22,3584,0.0
10,30,23,3393,0.0
10,30,24,4120,0.0
10,30,25,3625,0.0
10,30,26,4034,0.0
10,30,27,2216,0.0
10,30,28,4779,0.0
10,30,29,3926,0.0
10,30,30,2156,0.0
10,30,31,4483,0.0
10,30,32,1195,0.0
10,30,33,4574,0.0
10,30,34,2846,0.0
10,30,35,4420,0.0
10,30,36,2941,0.0
10,30,37,2628,0.0
10,30,38,3360,0.0
10,30,39,3268,0.0
10,30,40,3091,0.0
10,30,41,2933,0.0
10,30,42,4322,0.0
10,30,43,3198,0.0
10,30,44,3405,0.0
10,30,45,3925,0.0
10,30,46,3154,0.0
10,30,47,3557,0.0
10,30,48,4473,0.0
10,30,49,4301,0.0
10,30,50,2737,0.0
10,30,51,4651,0.0
10,30,52,2151,0.0
10,30,53,2987,0.0
10,30,54,5048,0.0
10,30,55,4528,0.0
10,30,56,3123,0.0
10,30,57,3546,0.0
10,30,58,4179,0.0
10,30,59,4069,0.0
10,30,60,3948,0.0
10,30,61,3941,0.0
10,30,62,2234,0.0
10,30,63,3212,0.0
10,30,64,4390,0.0
10,30,65,4622,0.0
10,30,66,5498,0.0
10,30,67,4490,0.0
10,30,68,4234,0.0
10,30,69,2319,0.0
10,30,70,2738,0.0
10,30,71,5325,0.0
10,30,72,4252,0.0
10,30,73,4274,0.0
10,30,74,3520,0.0
10,30,75,3855,0.0
10,30,76,3945,0.0
10,30,77,3109,0.0
10,30,78,3739,0.0
10,30,79,5328,0.0
10,30,80,2458,0.0
10,30,81,2469,0.0
10,30,82,2984,0.0
10,30,83,2387,0.0
10,30,84,3809,0.0
10,30,85,2242,0.0
10,30,86,4151,0.0
10,30,87,2535,0.0
10,30,88,3581,0.0
10,30,89,3437,0.0
10,30,90,3177,0.0
10,30,91,3661,0.0
10,30,92,3412,0.0
10,30,93,2117,0.0
10,30,94,2604,0.0
10,30,95,4323,0.0
10,30,96,4097,0.0
10,30,97,2617,0.0
10,30,98,3878,0.0
10,30,99,3985,0.0
10,30,100,4380,0.0
10,30,101,4439,0.0
10,30,102,4258,0.0
10,30,103,3581,0.0
10,30,104,5695,0.0
10,30,105,2746,0.0
10,30,106,2702,0.0
10,30,107,3236,0.0
10,30,108,2634,0.0
10,30,109,4193,0.0
10,30,110,2809,0.0
10,30,111,2339,0.0
10,30,112,4314,0.0
10,30,113,3414,0.0
10,30,114,2749,0.0
10,30,115,2704,0.0
10,30,116,2207,0.0
10,30,117,3945,0.0
10,30,118,2182,0.0
10,30,119,4033,0.0
10,30,120,2888,0.0
10,30,121,3716,0.0
10,30,122,3454,0.0
10,30,123,2809,0.0
10,30,124,3655,0.0
10,30,125,4556,0.0
10,30,126,3588,0.0
10,30,127,4607,0.0
10,30,128,3127,0.0
10,30,129,2938,0.0
10,30,130,3661,0.0
10,30,131,3017,0.0
10,30,132,2342,0.0
10,30,133,3102,0.0
10,30,134,3550,0.0
10,30,135,3812,0.0
10,30,136,3855,0.0
10,30,137,4316,0.0
10,30,138,4607,0.0
10,30,139,3102,0.0
10,30,140,3205,0.0
10,30,141,2702,0.0
10,30,142,3663,0.0
10,30,143,3849,0.0
10,30,144,4543,0.0
10,30,145,3319,0.0
10,30,146,4070,0.0
10,30,147,3699,0.0
10,30,148,2886,0.0
10,30,149,3957,0.0
30,30,0,34237,0.0
30,30,1,28745,0.0
30,30,2,26871,0.0
30,30,3,26509,0.0
30,30,4,28665,0.0
30,30,5,24899,0.0
30,30,6,37386,0.0
30,30,7,32230,0.0
30,30,8,29340,0.0
30,30,9,31977,0.0
30,30,10,34893,0.0
30,30,11,38094,0.0
30,30,12,22495,0.0
30,30,13,38747,0.0
30,30,14,39508,0.0
30,30,15,36714,0.0
30,30,16,46802,0.0
30,30,17,33140,0.0
30,30,18,32418,0.0
30,30,19,30189,0.0
30,30,20,39806,0.0
30,30,21,28816,0.0
30,30,22,30042,0.0
30,30,23,29689,0.0
30,30,24,30815,0.0
30,30,25,28297,0.0
30,30,26,27642,0.0
30,30,27,34069,0.0
30,30,28,27440,0.0
30,30,29,31786,0.0
30,30,30,27454,0.0
30,30,31,33985,0.0
30,30,32,23772,0.0
30,30,33,36476,0.0
30,30,34,29357,0.0
30,30,35,29379,0.0
30,30,36,33335,0.0
30,30,37,29356,0.0
30,30,38,39201,0.0
30,30,39,40602,0.0
30,30,40,36585,0.0
30,30,41,31295,0.0
30,30,42,43669,0.0
30,30,43,38377,0.0
30,30,44,27817,0.0
30,30,45,35678,0.0
30,30,46,34163,0.0
30,30,47,37324,0.0
30,30,48,40069,0.0
30,30,49,33378,0.0
30,30,50,35319,0.0
30,30,51,33815,0.0
30,30,52,47037,0.0
30,30,53,38602,0.0
30,30,54,25067,0.0
30,30,55,40013,0.0
30,30,56,30810,0.0
30,30,57,27678,0.0
30,30,58,36170,0.0
30,30,59,33722,0.0
30,30,60,47334,0.0
30,30,61,39302,0.0
30,30,62,24510,0.0
30,30,63,36967,0.0
30,30,64,37971,0.0
30,30,65,34342,0.0
30,30,66,39445,0.0
30,30,67,41685,0.0
30,30,68,40665,0.0
30,30,69,36396,0.0
30,30,70,35823,0.0
30,30,71,24082,0.0
30,30,72,40787,0.0
30,30,73,31840,0.0
30,30,74,34778,0.0
30,30,75,41684,0.0
30,30,76,48939,0.0
30,30,77,26222,0.0
30,30,78,37200,0.0
30,30,79,21669,0.0
30,30,80,42181,0.0
30,30,81,32828,0.0
30,30,82,31234,0.0
30,30,83,29791,0.0
30,30,84,40279,0.0
30,30,85,39602,0.0
30,30,86,25184,0.0
30,30,87,42483,0.0
30,30,88,34818,0.0
30,30,89,33271,0.0
30,30,90,40864,0.0
30,30,91,37655,0.0
30,30,92,22761,0.0
30,30,93,33262,0.0
30,30,94,36738,0.0
30,30,95,39759,0.0
30,30,96,43346,0.0
30,30,97,39052,0.0
30,30,98,38802,0.0
30,30,99,39355,0.0
30,30,100,33387,0.0
30,30,101,37275,0.0
30,30,102,28445,0.0
30,30,103,43191,0.0
30,30,104,17638,0.0
30,30,105,33149,0.0
30,30,106,27524,0.0
30,30,107,35837,0.0
30,30,108,26420,0.0
30,30,109,40966,0.0
30,30,110,43783,0.0
30,30,111,47150,0.0
30,30,112,25204,0.0
30,30,113,38361,0.0
30,30,114,26425,0.0
30,30,115,35410,0.0
30,30,116,40202,0.0
30,30,117,27801,0.0
30,30,118,42192,0.0
30,30,119,33264,0.0
30,30,120,28567,0.0
30,30,121,35470,0.0
30,30,122,32535,0.0
30,30,123,29197,0.0
30,30,124,29770,0.0
30,30,125,26849,0.0
30,30,126,34463,0.0
30,30,127,32877,0.0
30,30,128,37318,0.0
30,30,129,41858,0.0
30,30,130,25028,0.0
30,30,131,28025,0.0
30,30,132,26526,0.0
30,30,133,25410,0.0
30,30,134,36568,0.0
30,30,135,30568,0.0
30,30,136,29968,0.0
30,30,137,27827,0.0
30,30,138,48101,0.0
30,30,139,35107,0.0
30,30,140,29683,0.0
30,30,141,30641,0.0
30,30,142,41873,0.0
30,30,143,36869,0.0
30,30,144,45571,0.0
30,30,145,34734,0.0
30,30,146,37664,0.0
30,30,147,31008,0.0
30,30,148,34903,0.0
30,30,149,24993,0.0
50,30,0,137158,0.0
50,30,1,113664,0.0
50,30,2,145195,0.0
50,30,3,106708,0.0
50,30,4,76600,0.0
50,30,5,81480,0.0
50,30,6,93125,0.0
50,30,7,117865,0.0
50,30,8,92687,0.0
50,30,9,110544,0.0
50,30,10,121957,0.0
50,30,11,116056,0.0
50,30,12,85779,0.0
50,30,13,89143,0.0
50,30,14,122654,0.0
50,30,15,106841,0.0
50,30,16,88937,0.0
50,30,17,127389,0.0
50,30,18,82764,0.0
50,30,19,90010,0.0
50,30,20,91580,0.0
50,30,21,100424,0.0
50,30,22,67618,0.0
50,30,23,118164,0.0
50,30,24,78686,0.0
50,30,25,113522,0.0
50,30,26,123261,0.0
50,30,27,81088,0.0
50,30,28,74574,0.0
50,30,29,124944,0.0
50,30,30,100453,0.0
50,30,31,124338,0.0
50,30,32,97539,0.0
50,30,33,114094,0.0
50,30,34,116877,0.0
50,30,35,122907,0.0
50,30,36,122876,0.0
50,30,37,110003,0.0
50,30,38,120672,0.0
50,30,39,81553,0.0
50,30,40,106963,0.0
50,30,41,112530,0.0
50,30,42,96067,0.0
50,30,43,103294,0.0
50,30,44,123351,0.0
50,30,45,117173,0.0
50,30,46,104199,0.0
50,30,47,80026,0.0
50,30,48,57674,0.0
50,30,49,114090,0.0
50,30,50,78662,0.0
50,30,51,118052,0.0
50,30,52,103397,0.0
50,30,53,88583,0.0
50,30,54,104158,0.0
50,30,55,105452,0.0
50,30,56,95979,0.0
50,30,57,92078,0.0
50,30,58,93999,0.0
50,30,59,90120,0.0
50,30,60,75215,0.0
50,30,61,117982,0.0
50,30,62,76497,0.0
50,30,63,114863,0.0
50,30,64,93060,0.0
50,30,65,106339,0.0
50,30,66,92131,0.0
50,30,67,86714,0.0
50,30,68,63199,0.0
50,30,69,98469,0.0
50,30,70,100393,0.0
50,30,71,119290,0.0
50,30,72,111822,0.0
50,30,73,47584,0.0
50,30,74,116612,0.0
50,30,75,127561,0.0
50,30,76,113086,0.0
50,30,77,118327,0.0
50,30,78,105461,0.0
50,30,79,69093,0.0
50,30,80,91233,0.0
50,30,81,105663,0.0
50,30,82,107227,0.0
50,30,83,87165,0.0
50,30,84,102347,0.0
50,30,85,87327,0.0
50,30,86,97302,0.0
50,30,87,100732,0.0
50,30,88,92180,0.0
50,30,89,96948,0.0
50,30,90,118192,0.0
50,30,91,91039,0.0
50,30,92,83331,0.0
50,30,93,101959,0.0
50,30,94,111010,0.0
50,30,95,110104,0.0
50,30,96,90278,0.0
50,30,97,95837,0.0
50,30,98,111123,0.0
50,30,99,111858,0.0
50,30,100,96461,0.0
50,30,101,105160,0.0
50,30,102,78202,0.0
50,30,103,87805,0.0
50,30,104,108239,0.0
50,30,105,134084,0.0
50,30,106,71231,0.0
50,30,107,120901,0.0
50,30,108,86129,0.0
50,30,109,146382,0.0
50,30,110,102428,0.0
50,30,111,119728,0.0
50,30,112,65505,0.0
50,30,113,72607,0.0
50,30,114,99742,0.0
50,30,115,122801,0.0
50,30,116,76658,0.0
50,30,117,89615,0.0
50,30,118,80565,0.0
50,30,119,86059,0.0
50,30,120,90960,0.0
50,30,121,94370,0.0
50,30,122,94774,0.0
50,30,123,123070,0.0
50,30,124,119257,0.0
50,30,125,85074,0.0
50,30,126,82399,0.0
50,30,127,97566,0.0
50,30,128,90734,0.0
50,30,129,97157,0.0
50,30,130,96552,0.0
50,30,131,91168,0.0
50,30,132,77137,0.0
50,30,133,96354,0.0
50,30,134,119262,0.0
50,30,135,68348,0.0
50,30,136,84847,0.0
50,30,137,85193,0.0
50,30,138,134522,0.0
50,30,139,84405,0.0
50,30,140,135579,0.0
50,30,141,69149,0.0
50,30,142,64280,0.0
50,30,143,114310,0.0
50,30,144,113322,0.0
50,30,145,57179,0.0
50,30,146,104903,0.0
50,30,147,77726,0.0
50,30,148,77696,0.0
50,30,149,77788,0.0
100,30,0,445091,0.0
100,30,1,469742,0.0
100,30,2,497608,0.0
100,30,3,262033,0.0
100,30,4,509914,0.0
100,30,5,357267,0.0
100,30,6,405515,0.0
100,30,7,449756,0.0
100,30,8,386688,0.0
100,30,9,325996,0.0
100,30,10,320755,0.0
100,30,11,433827,0.0
100,30,12,352960,0.0
100,30,13,429257,0.0
100,30,14,378238,0.0
100,30,15,355985,0.0
100,30,16,359740,0.0
100,30,17,395135,0.0
100,30,18,456987,0.0
100,30,19,447091,0.0
100,30,20,432301,0.0
100,30,21,518699,0.0
100,30,22,358212,0.0
100,30,23,411164,0.0
100,30,24,186405,0.0
100,30,25,387347,0.0
100,30,26,511922,0.0
100,30,27,249281,0.0
100,30,28,410455,0.0
100,30,29,302545,0.0
100,30,30,414223,0.0
100,30,31,376568,0.0
100,30,32,409259,0.0
100,30,33,478611,0.0
100,30,34,226237,0.0
100,30,35,456245,0.0
100,30,36,402869,0.0
100,30,37,402354,0.0
100,30,38,437149,0.0
100,30,39,372665,0.0
100,30,40,316371,0.0
100,30,41,469092,0.0
100,30,42,336415,0.0
100,30,43,461390,0.0
100,30,44,382528,0.0
100,30,45,380413,0.0
100,30,46,416327,0.0
100,30,47,438963,0.0
100,30,48,529690,0.0
100,30,49,290931,0.0
100,30,50,237274,0.0
100,30,51,274040,0.0
100,30,52,324697,0.0
100,30,53,299053,0.0
100,30,54,434608,0.0
100,30,55,460826,0.0
100,30,56,416832,0.0
100,30,57,512423,0.0
100,30,58,416261,0.0
100,30,59,414168,0.0
100,30,60,345035,0.0
100,30,61,385905,0.0
100,30,62,509465,0.0
100,30,63,434942,0.0
100,30,64,371521,0.0
100,30,65,393007,0.0
100,30,66,332661,0.0
100,30,67,436621,0.0
100,30,68,479343,0.0
100,30,69,417122,0.0
100,30,70,372981,0.0
100,30,71,391947,0.0
100,30,72,388966,0.0
100,30,73,361969,0.0
100,30,74,470897,0.0
100,30,75,367051,0.0
100,30,76,341753,0.0
100,30,77,319967,0.0
100,30,78,402731,0.0
100,30,79,512319,0.0
100,30,80,262867,0.0
100,30,81,470744,0.0
100,30,82,529656,0.0
100,30,83,363111,0.0
100,30,84,248698,0.0
100,30,85,413361,0.0
100,30,86,402812,0.0
100,30,87,453554,0.0
100,30,88,413603,0.0
100,30,89,256109,0.0
100,30,90,419138,0.0
100,30,91,386790,0.0
100,30,92,314327,0.0
100,30,93,402020,0.0
100,30,94,373628,0.0
100,30,95,352207,0.0
100,30,96,352065,0.0
100,30,97,383291,0.0
100,30,98,370186,0.0
100,30,99,440426,0.0
100,30,100,423420,0.0
100,30,101,315251,0.0
100,30,102,407308,0.0
100,30,103,306947,0.0
100,30,104,411303,0.0
100,30,105,442285,0.0
100,30,106,357423,0.0
100,30,107,385582,0.0
100,30,108,407687,0.0
100,30,109,463756,0.0
100,30,110,466121,0.0
100,30,111,384708,0.0
100,30,112,256119,0.0
100,30,113,571590,0.0
100,30,114,366476,0.0
100,30,115,371260,0.0
100,30,116,308573,0.0
100,30,117,511689,0.0
100,30,118,447972,0.0
100,30,119,366789,0.0
100,30,120,375604,0.0
100,30,121,331200,0.0
100,30,122,270092,0.0
100,30,123,382428,0.0
100,30,124,354861,0.0
100,30,125,462535,0.0
100,30,126,469014,0.0
100,30,127,372024,0.0
100,30,128,446537,0.0
100,30,129,324473,0.0
100,30,130,423611,0.0
100,30,131,389466,0.0
100,30,132,444458,0.0
100,30,133,390284,0.0
100,30,134,405253,0.0
100,30,135,441017,0.0
100,30,136,318056,0.0
100,30,137,460361,0.0
100,30,138,401290,0.0
100,30,139,342164,0.0
100,30,140,419454,0.0
100,30,141,355344,0.0
100,30,142,365290,0.0
100,30,143,461951,0.0
100,30,144,356672,0.0
100,30,145,269522,0.0
100,30,146,515386,0.0
100,30,147,303599,0.0
100,30,148,392880,0.0
100,30,149,375213,0.0
150,30,0,1206715,0.0
150,30,1,865437,0.0
150,30,2,967791,0.0
150,30,3,916882,0.0
150,30,4,1095922,0.0
150,30,5,744477,0.0
150,30,6,803835,0.0
150,30,7,967321,0.0
150,30,8,712419,0.0
150,30,9,642588,0.0
150,30,10,818765,0.0
150,30,11,920362,0.0
150,30,12,864691,0.0
150,30,13,1174197,0.0
150,30,14,821871,0.0
150,30,15,848059,0.0
150,30,16,994919,0.0
150,30,17,1115304,0.0
150,30,18,584292,0.0
150,30,19,739791,0.0
150,30,20,822622,0.0
150,30,21,908244,0.0
150,30,22,1176263,0.0
150,30,23,755351,0.0
150,30,24,1174131,0.0
150,30,25,913453,0.0
150,30,26,814432,0.0
150,30,27,938005,0.0
150,30,28,864596,0.0
150,30,29,1002911,0.0
150,30,30,992185,0.0
150,30,31,975614,0.0
150,30,32,861516,0.0
150,30,33,887146,0.0
150,30,34,795475,0.0
150,30,35,782712,0.0
150,30,36,884819,0.0
150,30,37,907815,0.0
150,30,38,776422,0.0
150,30,39,998940,0.0
150,30,40,924139,0.0
150,30,41,848181,0.0
150,30,42,750535,0.0
150,30,43,749549,0.0
150,30,44,885322,0.0
150,30,45,966707,0.0
150,30,46,927696,0.0
150,30,47,749290,0.0
150,30,48,758417,0.0
150,30,49,764270,0.0
150,30,50,1044905,0.0
150,30,51,568154,0.0
150,30,52,546171,0.0
150,30,53,720824,0.0
150,30,54,1129008,0.0
150,30,55,1077908,0.0
150,30,56,875355,0.0
150,30,57,953352,0.0
150,30,58,757591,0.0
150,30,59,1131785,0.0
150,30,60,1031132,0.0
150,30,61,852447,0.0
150,30,62,1144317,0.0
150,30,63,1032799,0.0
150,30,64,693193,0.0
150,30,65,807745,0.0
150,30,66,1006999,0.0
150,30,67,1073522,0.0
150,30,68,693632,0.0
150,30,69,865492,0.0
150,30,70,816302,0.0
150,30,71,957587,0.0
150,30,72,1188768,0.0
150,30,73,969444,0.0
150,30,74,819168,0.0
150,30,75,788382,0.0
150,30,76,907784,0.0
150,30,77,1170292,0.0
150,30,78,634191,0.0
150,30,79,737718,0.0
150,30,80,750651,0.0
150,30,81,904431,0.0
150,30,82,727230,0.0
150,30,83,778924,0.0
150,30,84,1125372,0.0
150,30,85,905378,0.0
150,30,86,1102134,0.0
150,30,87,969455,0.0
150,30,88,812680,0.0
150,30,89,854217,0.0
150,30,90,916458,0.0
150,30,91,774943,0.0
150,30,92,547391,0.0
150,30,93,794301,0.0
150,30,94,1107245,0.0
150,30,95,808863,0.0
150,30,96,1048960,0.0
150,30,97,963871,0.0
150,30,98,830928,0.0
150,30,99,828117,0.0
150,30,100,812404,0.0
150,30,101,683007,0.0
150,30,102,877430,0.0
150,30,103,925862,0.0
150,30,104,1199903,0.0
150,30,105,697309,0.0
150,30,106,728305,0.0
150,30,107,1184701,0.0
150,30,108,889117,0.0
150,30,109,931103,0.0
150,30,110,808170,0.0
150,30,111,953825,0.0
150,30,112,775085,0.0
150,30,113,829570,0.0
150,30,114,704528,0.0
150,30,115,784348,0.0
150,30,116,792987,0.0
150,30,117,902211,0.0
150,30,118,983610,0.0
150,30,119,791209,0.0
150,30,120,1003366,0.0
150,30,121,719857,0.0
150,30,122,1036256,0.0
150,30,123,847862,0.0
150,30,124,836557,0.0
150,30,125,861497,0.0
150,30,126,1101942,0.0
150,30,127,869989,0.0
150,30,128,731202,0.0
150,30,129,509964,0.0
150,30,130,818821,0.0
150,30,131,1044445,0.0
150,30,132,1129152,0.0
150,30,133,726345,0.0
150,30,134,972899,0.0
150,30,135,974353,0.0
150,30,136,985907,0.0
150,30,137,1189897,0.0
150,30,138,894560,0.0
150,30,139,1294690,0.0
150,30,140,1113613,0.0
150,30,141,876595,0.0
150,30,142,617809,0.0
150,30,143,1062153,0.0
150,30,144,875829,0.0
150,30,145,997461,0.0
150,30,146,1089204,0.0
150,30,147,834289,0.0
150,30,148,729423,0.0
150,30,149,982065,0.0
200,30,0,2024399,0.0
200,30,1,1355293,0.0
200,30,2,2000546,0.0
200,30,3,1820941,0.0
200,30,4,1436106,0.0
200,30,5,911943,0.0
200,30,6,1845211,0.0
200,30,7,1317655,0.0
200,30,8,1288190,0.0
200,30,9,947329,0.0
200,30,10,1068989,0.0
200,30,11,1750676,0.0
200,30,12,1427230,0.0
200,30,13,1788882,0.0
200,30,14,1839542,0.0
200,30,15,1311240,0.0
200,30,16,1638000,0.0
200,30,17,1468327,0.0
200,30,18,2119902,0.0
200,30,19,1227238,0.0
200,30,20,1355521,0.0
200,30,21,1234303,0.0
200,30,22,1634308,0.0
200,30,23,1800550,0.0
200,30,24,1490223,0.0
200,30,25,1943458,0.0
200,30,26,1273867,0.0
200,30,27,1377311,0.0
200,30,28,1413551,0.0
200,30,29,1784652,0.0
200,30,30,1808199,0.0
200,30,31,2346094,0.0
200,30,32,1683937,0.0
200,30,33,1391211,0.0
200,30,34,1692656,0.0
200,30,35,1585506,0.0
200,30,36,1843106,0.0
200,30,37,1517442,0.0
200,30,38,1884806,0.0
200,30,39,1689833,0.0
200,30,40,1747774,0.0
200,30,41,1271732,0.0
200,30,42,1393724,0.0
200,30,43,1107360,0.0
200,30,44,1308529,0.0
200,30,45,1139146,0.0
200,30,46,1466861,0.0
200,30,47,1679051,0.0
200,30,48,1431743,0.0
200,30,49,1260922,0.0
200,30,50,1919104,0.0
200,30,51,1278925,0.0
200,30,52,1118003,0.0
200,30,53,1523193,0.0
200,30,54,1535941,0.0
200,30,55,1730137,0.0
200,30,56,1878497,0.0
200,30,57,1535979,0.0
200,30,58,1087320,0.0
200,30,59,2144020,0.0
200,30,60,1301797,0.0
200,30,61,1033285,0.0
200,30,62,1523237,0.0
200,30,63,1613207,0.0
200,30,64,1074843,0.0
200,30,65,1627419,0.0
200,30,66,1708002,0.0
200,30,67,1498005,0.0
200,30,68,1252533,0.0
200,30,69,1586188,0.0
200,30,70,1137309,0.0
200,30,71,1671894,0.0
200,30,72,1709644,0.0
200,30,73,1887067,0.0
200,30,74,1298051,0.0
200,30,75,1770176,0.0
200,30,76,1150735,0.0
200,30,77,1860249,0.0
200,30,78,1637657,0.0
200,30,79,1651749,0.0
200,30,80,1435029,0.0
200,30,81,1247216,0.0
200,30,82,1384787,0.0
200,30,83,1180259,0.0
200,30,84,1959421,0.0
200,30,85,1412622,0.0
200,30,86,1419361,0.0
200,30,87,1242042,0.0
200,30,88,1465858,0.0
200,30,89,1458207,0.0
200,30,90,1446512,0.0
200,30,91,2140358,0.0
200,30,92,1657386,0.0
200,30,93,1984751,0.0
200,30,94,1430939,0.0
200,30,95,1578619,0.0
200,30,96,1756940,0.0
200,30,97,1820028,0.0
200,30,98,1815344,0.0
200,30,99,2119840,0.0
200,30,100,1331359,0.0
200,30,101,840084,0.0
200,30,102,1659079,0.0
200,30,103,1648483,0.0
200,30,104,2254444,0.0
200,30,105,1580484,0.0
200,30,106,1750764,0.0
200,30,107,1313953,0.0
200,30,108,1619033,0.0
200,30,109,1618870,0.0
200,30,110,1922262,0.0
200,30,111,1670880,0.0
200,30,112,1063004,0.0
200,30,113,1768989,0.0
200,30,114,1708515,0.0
200,30,115,1879938,0.0
200,30,116,1621674,0.0
200,30,117,1423957,0.0
200,30,118,1944889,0.0
200,30,119,1207644,0.0
200,30,120,1843905,0.0
200,30,121,1611545,0.0
200,30,122,1533947,0.0
200,30,123,1294174,0.0
200,30,124,1439030,0.0
200,30,125,1280764,0.0
200,30,126,1661771,0.0
200,30,127,1695085,0.0
200,30,128,1152478,0.0
200,30,129,2075095,0.0
200,30,130,1401929,0.0
200,30,131,1950046,0.0
200,30,132,1795954,0.0
200,30,133,1922369,0.0
200,30,134,1598338,0.0
200,30,135,1741173,0.0
200,30,136,1636761,0.0
200,30,137,1796953,0.0
200,30,138,1703268,0.0
200,30,139,2091980,0.0
200,30,140,1722674,0.0
200,30,141,1291047,0.0
200,30,142,873882,0.0
200,30,143,1585394,0.0
200,30,144,1203586,0.0
200,30,145,1437148,0.0
200,30,146,1891670,0.0
200,30,147,1534153,0.0
200,30,148,1029607,0.0
200,30,149,1556437,0.0
10,60,0,13651,0.0
10,60,1,14482,0.0
10,60,2,12190,0.0
10,60,3,10506,0.0
10,60,4,9706,0.0
10,60,5,14002,0.0
10,60,6,12133,0.0
10,60,7,11826,0.0
10,60,8,11211,0.0
10,60,9,11015,0.0
10,60,10,10500,0.0
10,60,11,11429,0.0
10,60,12,8575,0.0
10,60,13,12125,0.0
10,60,14,7817,0.0
10,60,15,12919,0.0
10,60,16,8964,0.0
10,60,17,9755,0.0
10,60,18,11147,0.0
10,60,19,13090,0.0
10,60,20,8594,0.0
10,60,21,12278,0.0
10,60,22,11713,0.0
10,60,23,16081,0.0
10,60,24,14612,0.0
10,60,25,14453,0.0
10,60,26,13888,0.0
10,60,27,12504,0.0
10,60,28,7227,0.0
10,60,29,14211,0.0
10,60,30,10789,0.0
10,60,31,12190,0.0
10,60,32,10892,0.0
10,60,33,8558,0.0
10,60,34,10593,0.0
10,60,35,12180,0.0
10,60,36,11473,0.0
10,60,37,10777,0.0
10,60,38,10479,0.0
10,60,39,10558,0.0
10,60,40,10498,0.0
10,60,41,7904,0.0
10,60,42,5432,0.0
10,60,43,5879,0.0
10,60,44,12689,0.0
10,60,45,12065,0.0
10,60,46,12614,0.0
10,60,47,13209,0.0
10,60,48,8254,0.0
10,60,49,10760,0.0
10,60,50,12992,0.0
10,60,51,11345,0.0
10,60,52,9769,0.0
10,60,53,14398,0.0
10,60,54,11313,0.0
10,60,55,12663,0.0
10,60,56,14192,0.0
10,60,57,12858,0.0
10,60,58,12327,0.0
10,60,59,12902,0.0
10,60,60,5535,0.0
10,60,61,9659,0.0
10,60,62,10443,0.0
10,60,63,10324,0.0
10,60,64,9212,0.0
10,60,65,8227,0.0
10,60,66,12022,0.0
10,60,67,11185,0.0
10,60,68,13130,0.0
10,60,69,10168,0.0
10,60,70,14305,0.0
10,60,71,12158,0.0
10,60,72,9418,0.0
10,60,73,11281,0.0
10,60,74,11860,0.0
10,60,75,11080,0.0
10,60,76,5283,0.0
10,60,77,12470,0.0
10,60,78,10388,0.0
10,60,79,13435,0.0
10,60,80,9227,0.0
10,60,81,9693,0.0
10,60,82,10092,0.0
10,60,83,13020,0.0
10,60,84,11249,0.0
10,60,85,3601,0.0
10,60,86,13749,0.0
10,60,87,8427,0.0
10,60,88,12771,0.0
10,60,89,8310,0.0
10,60,90,13224,0.0
10,60,91,8296,0.0
10,60,92,11342,0.0
10,60,93,12971,0.0
10,60,94,8434,0.0
10,60,95,11402,0.0
10,60,96,10188,0.0
10,60,97,9780,0.0
10,60,98,9444,0.0
10,60,99,11012,0.0
10,60,100,9704,0.0
10,60,101,13319,0.0
10,60,102,10636,0.0
10,60,103,12691,0.0
10,60,104,10043,0.0
10,60,105,11997,0.0
10,60,106,7125,0.0
10,60,107,12966,0.0
10,60,108,15467,0.0
10,60,109,9329,0.0
10,60,110,12957,0.0
10,60,111,9368,0.0
10,60,112,9329,0.0
10,60,113,10680,0.0
10,60,114,9065,0.0
10,60,115,12690,0.0
10,60,116,11243,0.0
10,60,117,10771,0.0
10,60,118,12168,0.0
10,60,119,11412,0.0
10,60,120,11556,0.0
10,60,121,17507,0.0
10,60,122,11236,0.0
10,60,123,10163,0.0
10,60,124,10506,0.0
10,60,125,9513,0.0
10,60,126,9550,0.0
10,60,127,13394,0.0
10,60,128,8716,0.0
10,60,129,10872,0.0
10,60,130,11048,0.0
10,60,131,9913,0.0
10,60,132,7127,0.0
10,60,133,7197,0.0
10,60,134,7871,0.0
10,60,135,9971,0.0
10,60,136,7048,0.0
10,60,137,8848,0.0
10,60,138,9610,0.0
10,60,139,12757,0.0
10,60,140,10716,0.0
10,60,141,11401,0.0
10,60,142,11000,0.0
10,60,143,10207,0.0
10,60,144,13785,0.0
10,60,145,13900,0.0
10,60,146,13859,0.0
10,60,147,11046,0.0
10,60,148,13980,0.0
10,60,149,12000,0.0
30,60,0,96672,0.0
30,60,1,86493,0.0
30,60,2,104044,0.0
30,60,3,102725,0.0
30,60,4,128664,0.0
30,60,5,120859,0.0
30,60,6,110347,0.0
30,60,7,106961,0.0
30,60,8,107504,0.0
30,60,9,62484,0.0
30,60,10,135527,0.0
30,60,11,130967,0.0
30,60,12,105399,0.0
30,60,13,115566,0.0
30,60,14,117618,0.0
30,60,15,146246,0.0
30,60,16,133772,0.0
30,60,17,101348,0.0
30,60,18,107556,0.0
30,60,19,122081,0.0
30,60,20,114030,0.0
30,60,21,104444,0.0
30,60,22,132948,0.0
30,60,23,108637,0.0
30,60,24,105293,0.0
30,60,25,107402,0.0
30,60,26,66895,0.0
30,60,27,72681,0.0
30,60,28,97825,0.0
30,60,29,86590,0.0
30,60,30,131419,0.0
30,60,31,99998,0.0
30,60,32,105278,0.0
30,60,33,87200,0.0
30,60,34,111995,0.0
30,60,35,98405,0.0
30,60,36,106524,0.0
30,60,37,108783,0.0
30,60,38,89192,0.0
30,60,39,85789,0.0
30,60,40,68461,0.0
30,60,41,99792,0.0
30,60,42,120713,0.0
30,60,43,145211,0.0
30,60,44,125567,0.0
30,60,45,108814,0.0
30,60,46,109134,0.0
30,60,47,132948,0.0
30,60,48,120900,0.0
30,60,49,113627,0.0
30,60,50,113168,0.0
30,60,51,125645,0.0
30,60,52,110757,0.0
30,60,53,126333,0.0
30,60,54,118622,0.0
30,60,55,110079,0.0
30,60,56,143377,0.0
30,60,57,111257,0.0
30,60,58,120134,0.0
30,60,59,91698,0.0
30,60,60,129322,0.0
30,60,61,95310,0.0
30,60,62,130207,0.0
30,60,63,98606,0.0
30,60,64,144488,0.0
30,60,65,105907,0.0
30,60,66,148043,0.0
30,60,67,131816,0.0
30,60,68,143033,0.0
30,60,69,114598,0.0
30,60,70,90370,0.0
30,60,71,73672,0.0
30,60,72,100851,0.0
30,60,73,140881,0.0
30,60,74,144940,0.0
30,60,75,134518,0.0
30,60,76,103328,0.0
30,60,77,131065,0.0
30,60,78,101314,0.0
30,60,79,131905,0.0
30,60,80,98365,0.0
30,60,81,89303,0.0
30,60,82,135250,0.0
30,60,83,90018,0.0
30,60,84,110977,0.0
30,60,85,121051,0.0
30,60,86,116925,0.0
30,60,87,120550,0.0
30,60,88,140607,0.0
30,60,89,95170,0.0
30,60,90,93314,0.0
30,60,91,135144,0.0
30,60,92,102569,0.0
30,60,93,114824,0.0
30,60,94,154950,0.0
30,60,95,131469,0.0
30,60,96,102646,0.0
30,60,97,140839,0.0
30,60,98,103813,0.0
30,60,99,106346,0.0
30,60,100,104028,0.0
30,60,101,93898,0.0
30,60,102,111716,0.0
30,60,103,67493,0.0
30,60,104,122920,0.0
30,60,105,125688,0.0
30,60,106,107877,0.0
30,60,107,120312,0.0
30,60,108,121400,0.0
30,60,109,74931,0.0
30,60,110,74794,0.0
30,60,111,130375,0.0
30,60,112,97483,0.0
30,60,113,124981,0.0
30,60,114,101447,0.0
30,60,115,128960,0.0
30,60,116,114567,0.0
30,60,117,108266,0.0
30,60,118,94253,0.0
30,60,119,113179,0.0
30,60,120,100609,0.0
30,60,121,101694,0.0
30,60,122,125013,0.0
30,60,123,94954,0.0
30,60,124,127983,0.0
30,60,125,132693,0.0
30,60,126,121102,0.0
30,60,127,112514,0.0
30,60,128,94250,0.0
30,60,129,85541,0.0
30,60,130,107251,0.0
30,60,131,145456,0.0
30,60,132,89288,0.0
30,60,133,105286,0.0
30,60,134,87015,0.0
30,60,135,111662,0.0
30,60,136,103453,0.0
30,60,137,139967,0.0
30,60,138,120357,0.0
30,60,139,96345,0.0
30,60,140,162959,0.0
30,60,141,120130,0.0
30,60,142,115243,0.0
30,60,143,104116,0.0
30,60,144,109370,0.0
30,60,145,102357,0.0
30,60,146,119764,0.0
30,60,147,107918,0.0
30,60,148,112048,0.0
30,60,149,111093,0.0
50,60,0,296213,0.0
50,60,1,372098,0.0
50,60,2,268872,0.0
50,60,3,219806,0.0
50,60,4,382050,0.0
50,60,5,267058,0.0
50,60,6,316497,0.0
50,60,7,320745,0.0
50,60,8,314410,0.0
50,60,9,327765,0.0
50,60,10,249866,0.0
50,60,11,301032,0.0
50,60,12,293132,0.0
50,60,13,392045,0.0
50,60,14,314311,0.0
50,60,15,302052,0.0
50,60,16,360710,0.0
50,60,17,359501,0.0
50,60,18,311642,0.0
50,60,19,386628,0.0
50,60,20,321161,0.0
50,60,21,321548,0.0
50,60,22,275517,0.0
50,60,23,358569,0.0
50,60,24,285965,0.0
50,60,25,366391,0.0
50,60,26,308143,0.0
50,60,27,311576,0.0
50,60,28,363842,0.0
50,60,29,279799,0.0
50,60,30,349881,0.0
50,60,31,257570,0.0
50,60,32,306257,0.0
50,60,33,342386,0.0
50,60,34,304713,0.0
50,60,35,344371,0.0
50,60,36,323104,0.0
50,60,37,276936,0.0
50,60,38,371405,0.0
50,60,39,360423,0.0
50,60,40,271118,0.0
50,60,41,288658,0.0
50,60,42,278996,0.0
50,60,43,373314,0.0
50,60,44,418729,0.0
50,60,45,321089,0.0
50,60,46,329811,0.0
50,60,47,313974,0.0
50,60,48,199687,0.0
50,60,49,227823,0.0
50,60,50,304863,0.0
50,60,51,259332,0.0
50,60,52,308308,0.0
50,60,53,349493,0.0
50,60,54,394610,0.0
50,60,55,301092,0.0
50,60,56,221282,0.0
50,60,57,288500,0.0
50,60,58,361323,0.0
50,60,59,298570,0.0
50,60,60,249272,0.0
50,60,61,286968,0.0
50,60,62,353833,0.0
50,60,63,273296,0.0
50,60,64,379932,0.0
50,60,65,364683,0.0
50,60,66,313441,0.0
50,60,67,369083,0.0
50,60,68,366686,0.0
50,60,69,391432,0.0
50,60,70,283104,0.0
50,60,71,200897,0.0
50,60,72,343971,0.0
50,60,73,229219,0.0
50,60,74,404495,0.0
50,60,75,341297,0.0
50,60,76,251445,0.0
50,60,77,242855,0.0
50,60,78,385071,0.0
50,60,79,293509,0.0
50,60,80,227833,0.0
50,60,81,270419,0.0
50,60,82,377235,0.0
50,60,83,253766,0.0
50,60,84,277720,0.0
50,60,85,232451,0.0
50,60,86,371074,0.0
50,60,87,348452,0.0
50,60,88,265887,0.0
50,60,89,256567,0.0
50,60,90,296685,0.0
50,60,91,262289,0.0
50,60,92,313179,0.0
50,60,93,321933,0.0
50,60,94,347536,0.0
50,60,95,275269,0.0
50,60,96,355200,0.0
50,60,97,372630,0.0
50,60,98,376286,0.0
50,60,99,259683,0.0
50,60,100,278944,0.0
50,60,101,324705,0.0
50,60,102,391801,0.0
50,60,103,339530,0.0
50,60,104,305085,0.0
50,60,105,328185,0.0
50,60,106,266943,0.0
50,60,107,388777,0.0
50,60,108,297687,0.0
50,60,109,329499,0.0
50,60,110,261501,0.0
50,60,111,302967,0.0
50,60,112,357908,0.0
50,60,113,345487,0.0
50,60,114,291040,0.0
50,60,115,354660,0.0
50,60,116,286279,0.0
50,60,117,334658,0.0
50,60,118,256184,0.0
50,60,119,283679,0.0
50,60,120,317536,0.0
50,60,121,361171,0.0
50,60,122,334772,0.0
50,60,123,240556,0.0
50,60,124,289184,0.0
50,60,125,329910,0.0
50,60,126,367343,0.0
50,60,127,287536,0.0
50,60,128,300162,0.0
50,60,129,290880,0.0
50,60,130,352785,0.0
50,60,131,350029,0.0
50,60,132,243924,0.0
50,60,133,220156,0.0
50,60,134,307365,0.0
50,60,135,390901,0.0
50,60,136,321555,0.0
50,60,137,243711,0.0
50,60,138,254942,0.0
50,60,139,280832,0.0
50,60,140,300126,0.0
50,60,141,266567,0.0
50,60,142,318132,0.0
50,60,143,253565,0.0
50,60,144,268079,0.0
50,60,145,196669,0.0
50,60,146,265776,0.0
50,60,147,272377,0.0
50,60,148,324410,0.0
50,60,149,371824,0.0
100,60,0,1265233,0.0
100,60,1,1217591,0.0
100,60,2,823811,0.0
100,60,3,1291656,0.0
100,60,4,1519152,0.0
100,60,5,1186491,0.0
100,60,6,1175200,0.0
100,60,7,1222496,0.0
100,60,8,1164837,0.0
100,60,9,1630061,0.0
100,60,10,1204215,0.0
100,60,11,1275153,0.0
100,60,12,1151625,0.0
100,60,13,1098071,0.0
100,60,14,1235563,0.0
100,60,15,929422,0.0
100,60,16,1218842,0.0
100,60,17,1477305,0.0
100,60,18,1223731,0.0
100,60,19,992232,0.0
100,60,20,880709,0.0
100,60,21,1082919,0.0
100,60,22,1073182,0.0
100,60,23,956625,0.0
100,60,24,1466302,0.0
100,60,25,1208509,0.0
100,60,26,1128323,0.0
100,60,27,1086281,0.0
100,60,28,1423388,0.0
100,60,29,1405233,0.0
100,60,30,927085,0.0
100,60,31,887975,0.0
100,60,32,1450773,0.0
100,60,33,1463873,0.0
100,60,34,887134,0.0
100,60,35,1387566,0.0
100,60,36,1308149,0.0
100,60,37,1139647,0.0
100,60,38,1175565,0.0
100,60,39,1495474,0.0
100,60,40,755156,0.0
100,60,41,1265506,0.0
100,60,42,1183345,0.0
100,60,43,1538242,0.0
100,60,44,1088807,0.0
100,60,45,1260191,0.0
100,60,46,754075,0.0
100,60,47,1154547,0.0
100,60,48,1057689,0.0
100,60,49,1383039,0.0
100,60,50,1178451,0.0
100,60,51,1468314,0.0
100,60,52,1144818,0.0
100,60,53,1675968,0.0
100,60,54,1273335,0.0
100,60,55,1310670,0.0
100,60,56,1263957,0.0
100,60,57,1047594,0.0
100,60,58,730396,0.0
100,60,59,1292470,0.0
100,60,60,982086,0.0
100,60,61,1354430,0.0
100,60,62,1247642,0.0
100,60,63,1193090,0.0
100,60,64,1222243,0.0
100,60,65,1539580,0.0
100,60,66,1387945,0.0
100,60,67,1266455,0.0
100,60,68,1577330,0.0
100,60,69,1262293,0.0
100,60,70,1080041,0.0
100,60,71,1199992,0.0
100,60,72,1364897,0.0
100,60,73,1491965,0.0
100,60,74,1291210,0.0
100,60,75,1256396,0.0
100,60,76,967912,0.0
100,60,77,1001270,0.0
100,60,78,1479039,0.0
100,60,79,1109100,0.0
100,60,80,1304321,0.0
100,60,81,1358725,0.0
100,60,82,944903,0.0
100,60,83,1475751,0.0
100,60,84,1019937,0.0
100,60,85,829477,0.0
100,60,86,1414112,0.0
100,60,87,1546771,0.0
100,60,88,1366702,0.0
100,60,89,1409331,0.0
100,60,90,1066260,0.0
100,60,91,1097706,0.0
100,60,92,1578080,0.0
100,60,93,1509443,0.0
100,60,94,1092874,0.0
100,60,95,1283231,0.0
100,60,96,1541289,0.0
100,60,97,1157416,0.0
100,60,98,1544518,0.0
100,60,99,1431030,0.0
100,60,100,1094211,0.0
100,60,101,909149,0.0
100,60,102,1222712,0.0
100,60,103,1381907,0.0
100,60,104,1242151,0.0
100,60,105,1091943,0.0
100,60,106,1627108,0.0
100,60,107,1415636,0.0
100,60,108,1453572,0.0
100,60,109,1556096,0.0
100,60,110,1096500,0.0
100,60,111,1007737,0.0
100,60,112,1354418,0.0
100,60,113,1010102,0.0
100,60,114,1563491,0.0
100,60,115,1318467,0.0
100,60,116,1589043,0.0
100,60,117,927902,0.0
100,60,118,1313169,0.0
100,60,119,1224255,0.0
100,60,120,824891,0.0
100,60,121,1339377,0.0
100,60,122,1461973,0.0
100,60,123,1092977,0.0
100,60,124,1052002,0.0
100,60,125,1294879,0.0
100,60,126,1071763,0.0
100,60,127,1503410,0.0
100,60,128,1197372,0.0
100,60,129,1613780,0.0
100,60,130,1453278,0.0
100,60,131,1053516,0.0
100,60,132,1345013,0.0
100,60,133,1616038,0.0
100,60,134,1431293,0.0
100,60,135,1798026,0.0
100,60,136,1712816,0.0
100,60,137,1276905,0.0
100,60,138,1750749,0.0
100,60,139,1282144,0.0
100,60,140,1140482,0.0
100,60,141,1195063,0.0
100,60,142,1382582,0.0
100,60,143,1177132,0.0
100,60,144,1320533,0.0
100,60,145,1329114,0.0
100,60,146,1091543,0.0
100,60,147,1491490,0.0
100,60,148,1181885,0.0
100,60,149,1388384,0.0
