param_value,run_id,tau,failed_edge_u,failed_edge_v
0.0,0,2830,4,5
0.0,1,7018,4,5
0.0,2,16274,4,5
0.0,3,15326,3,4
0.0,4,7568,4,5
0.0,5,8458,0,4
0.0,6,10138,4,5
0.0,7,13142,4,5
0.0,8,12897,1,4
0.0,9,3328,4,5
0.0,10,5705,4,5
0.0,11,11789,4,5
0.0,12,12158,4,5
0.0,13,13083,4,5
0.0,14,14804,2,4
0.0,15,5606,4,5
0.0,16,46736,4,5
0.0,17,7498,4,5
0.0,18,23218,4,5
0.0,19,5745,4,5
0.0,20,24679,4,5
0.0,21,12122,3,4
0.0,22,6958,4,5
0.0,23,17628,3,4
0.0,24,6260,4,5
0.0,25,22879,5,8
0.0,26,12251,4,5
0.0,27,5194,1,4
0.0,28,14779,4,5
0.0,29,9914,4,5
0.0,30,14247,2,4
0.0,31,13495,2,4
0.0,32,2944,4,5
0.0,33,22168,4,5
0.0,34,8720,4,5
0.0,35,14711,5,9
0.0,36,7057,4,5
0.0,37,19785,4,5
0.0,38,20318,4,5
0.0,39,15138,4,5
0.0,40,5441,4,5
0.0,41,16362,4,5
0.0,42,7448,4,5
0.0,43,27588,5,8
0.0,44,7591,4,5
0.0,45,13489,4,5
0.0,46,15852,3,4
0.0,47,11862,5,6
0.0,48,10029,4,5
0.0,49,11661,4,5
0.0,50,12046,0,4
0.0,51,5206,4,5
0.0,52,7916,4,5
0.0,53,21188,2,4
0.0,54,4397,4,5
0.0,55,16013,3,4
0.0,56,13845,4,5
0.0,57,9796,4,5
0.0,58,6478,4,5
0.0,59,17949,4,5
0.0,60,11822,4,5
0.0,61,5294,4,5
0.0,62,16837,4,5
0.0,63,19633,5,6
0.0,64,19261,0,4
0.0,65,11407,4,5
0.0,66,20462,5,8
0.0,67,30037,4,5
0.0,68,35483,2,4
0.0,69,4108,4,5
0.0,70,2092,4,5
0.0,71,29714,4,5
0.0,72,31811,5,7
0.0,73,19682,4,5
0.0,74,17629,5,7
0.0,75,12375,4,5
0.0,76,7665,4,5
0.0,77,15346,5,9
0.0,78,13098,2,4
0.0,79,15209,4,5
0.0,80,23413,4,5
0.0,81,4592,4,5
0.0,82,24981,0,4
0.0,83,24288,2,4
0.0,84,6734,5,6
0.0,85,3943,4,5
0.0,86,9108,4,5
0.0,87,22357,5,7
0.0,88,9616,3,4
0.0,89,29071,5,6
0.0,90,24526,4,5
0.0,91,10250,4,5
0.0,92,11840,4,5
0.0,93,13316,4,5
0.0,94,5946,4,5
0.0,95,16205,4,5
0.0,96,7076,4,5
0.0,97,21113,5,6
0.0,98,14420,2,4
0.0,99,29541,6,8
0.0,100,16389,4,5
0.0,101,24947,3,4
0.0,102,10675,4,5
0.0,103,11230,0,4
0.0,104,15421,4,5
0.0,105,9718,4,5
0.0,106,16617,4,5
0.0,107,7342,4,5
0.0,108,16160,5,7
0.0,109,4494,4,5
0.0,110,7163,4,5
0.0,111,10449,4,5
0.0,112,14003,4,5
0.0,113,20018,4,5
0.0,114,17703,2,4
0.0,115,23779,4,5
0.0,116,20279,5,8
0.0,117,13107,1,4
0.0,118,8499,4,5
0.0,119,16482,4,5
0.0,120,8661,4,5
0.0,121,9003,5,6
0.0,122,14700,4,5
0.0,123,9431,4,5
0.0,124,20551,5,7
0.0,125,6017,4,5
0.0,126,17384,4,5
0.0,127,7982,4,5
0.0,128,10832,5,7
0.0,129,7349,4,5
0.0,130,12251,5,8
0.0,131,19818,4,5
0.0,132,8909,4,5
0.0,133,12248,4,5
0.0,134,18260,2,4
0.0,135,6557,4,5
0.0,136,11474,5,7
0.0,137,19738,5,7
0.0,138,16111,5,8
0.0,139,16040,5,6
0.0,140,14930,4,5
0.0,141,14623,4,5
0.0,142,17563,4,5
0.0,143,2320,4,5
0.0,144,16005,2,4
0.0,145,22466,4,5
0.0,146,6756,1,4
0.0,147,8742,4,5
0.0,148,12910,4,5
0.0,149,13458,0,4
0.0,150,14287,5,7
0.0,151,42614,5,7
0.0,152,12466,4,5
0.0,153,10556,4,5
0.0,154,14238,4,5
0.0,155,4063,4,5
0.0,156,16940,2,4
0.0,157,24517,2,4
0.0,158,5162,4,5
0.0,159,5306,4,5
0.0,160,11193,4,5
0.0,161,14949,0,4
0.0,162,17819,4,5
0.0,163,4581,4,5
0.0,164,13419,4,5
0.0,165,4043,4,5
0.0,166,8553,4,5
0.0,167,6723,4,5
0.0,168,7796,4,5
0.0,169,5637,4,5
0.0,170,4306,4,5
0.0,171,32803,5,6
0.0,172,22323,4,5
0.0,173,5678,4,5
0.0,174,19287,5,7
0.0,175,22185,4,5
0.0,176,11490,5,7
0.0,177,8449,4,5
0.0,178,17198,5,8
0.0,179,9194,1,4
0.0,180,3935,4,5
0.0,181,20972,4,5
0.0,182,12299,4,5
0.0,183,18585,5,7
0.0,184,14160,4,5
0.0,185,17549,4,5
0.0,186,8928,4,5
0.0,187,25386,4,5
0.0,188,19568,5,6
0.0,189,12839,5,8
0.0,190,7366,4,5
0.0,191,9835,2,4
0.0,192,11416,4,5
0.0,193,17214,5,7
0.0,194,24968,5,7
0.0,195,22584,3,4
0.0,196,7494,4,5
0.0,197,11416,4,5
0.0,198,8764,4,5
0.0,199,15957,5,7
0.0,200,6023,4,5
0.0,201,2704,4,5
0.0,202,7288,5,8
0.0,203,1979,4,5
0.0,204,3875,4,5
0.0,205,18490,4,5
0.0,206,14084,5,6
0.0,207,12135,3,4
0.0,208,12048,4,5
0.0,209,7931,3,4
0.0,210,12863,4,5
0.0,211,10935,5,6
0.0,212,8605,5,7
0.0,213,5650,4,5
0.0,214,14743,4,5
0.0,215,8131,4,5
0.0,216,15489,4,5
0.0,217,9726,4,5
0.0,218,7494,4,5
0.0,219,7587,5,8
0.0,220,12060,4,5
0.0,221,14404,5,9
0.0,222,18210,4,5
0.0,223,18112,3,4
0.0,224,1877,4,5
0.0,225,9351,5,6
0.0,226,18471,5,8
0.0,227,3187,4,5
0.0,228,10500,4,5
0.0,229,29904,4,5
0.0,230,8367,4,5
0.0,231,19658,0,4
0.0,232,11259,2,4
0.0,233,6437,3,4
0.0,234,21289,5,8
0.0,235,20384,0,4
0.0,236,17853,3,4
0.0,237,18023,5,9
0.0,238,12611,5,7
0.0,239,8885,2,4
0.0,240,24839,5,8
0.0,241,3087,4,5
0.0,242,12043,4,5
0.0,243,4798,4,5
0.0,244,14732,4,5
0.0,245,19759,3,4
0.0,246,5683,4,5
0.0,247,13837,4,5
0.0,248,10229,4,5
0.0,249,10044,4,5
0.0,250,8496,3,4
0.0,251,6811,4,5
0.0,252,15531,4,5
0.0,253,10553,4,5
0.0,254,11688,5,8
0.0,255,7614,4,5
0.0,256,6128,4,5
0.0,257,10264,4,5
0.0,258,12957,4,5
0.0,259,20452,4,5
0.0,260,13737,5,6
0.0,261,8564,4,5
0.0,262,17155,4,5
0.0,263,13561,4,5
0.0,264,12055,4,5
0.0,265,19135,2,4
0.0,266,40191,4,5
0.0,267,11096,5,6
0.0,268,4194,4,5
0.0,269,8029,4,5
0.0,270,7548,4,5
0.0,271,11000,4,5
0.0,272,8200,3,4
0.0,273,23549,2,4
0.0,274,9444,4,5
0.0,275,14546,5,7
0.0,276,28183,4,5
0.0,277,19487,5,6
0.0,278,14719,0,4
0.0,279,24675,4,5
0.0,280,10123,1,4
0.0,281,4040,4,5
0.0,282,12796,0,4
0.0,283,14051,4,5
0.0,284,26619,4,5
0.0,285,4153,4,5
0.0,286,3122,4,5
0.0,287,17669,1,4
0.0,288,8693,4,5
0.0,289,3706,4,5
0.0,290,20015,0,4
0.0,291,6696,4,5
0.0,292,13717,4,5
0.0,293,2625,4,5
0.0,294,25310,5,7
0.0,295,12011,5,8
0.0,296,18779,4,5
0.0,297,8480,2,4
0.0,298,26560,4,5
0.0,299,19950,4,5
0.0,300,33805,2,4
0.0,301,7017,4,5
0.0,302,5893,4,5
0.0,303,10442,4,5
0.0,304,10778,5,6
0.0,305,5874,4,5
0.0,306,11698,4,5
0.0,307,11347,4,5
0.0,308,11383,5,8
0.0,309,3703,4,5
0.0,310,2298,4,5
0.0,311,22847,4,5
0.0,312,11688,0,4
0.0,313,24224,4,5
0.0,314,19273,3,4
0.0,315,6565,4,5
0.0,316,8968,4,5
0.0,317,21573,4,5
0.0,318,15019,5,7
0.0,319,3637,4,5
0.0,320,4589,4,5
0.0,321,29518,4,5
0.0,322,12395,4,5
0.0,323,30280,4,5
0.0,324,7839,0,4
0.0,325,22762,4,5
0.0,326,26687,5,7
0.0,327,13861,4,5
0.0,328,16426,2,4
0.0,329,5078,4,5
0.0,330,12417,4,5
0.0,331,4520,4,5
0.0,332,13114,4,5
0.0,333,22397,4,5
0.0,334,4516,4,5
0.0,335,5809,4,5
0.0,336,27425,4,5
0.0,337,13668,4,5
0.0,338,9054,4,5
0.0,339,12667,3,4
0.0,340,14310,4,5
0.0,341,19522,4,5
0.0,342,23236,4,5
0.0,343,16762,4,5
0.0,344,11464,4,5
0.0,345,13319,4,5
0.0,346,16389,0,4
0.0,347,18890,5,7
0.0,348,16857,4,5
0.0,349,4790,4,5
0.0,350,25866,1,4
0.0,351,3505,4,5
0.0,352,4879,4,5
0.0,353,23664,5,7
0.0,354,24157,5,6
0.0,355,9826,4,5
0.0,356,9543,4,5
0.0,357,35317,5,8
0.0,358,8796,4,5
0.0,359,7076,4,5
0.0,360,30381,4,5
0.0,361,24921,5,9
0.0,362,18676,4,5
0.0,363,16393,5,9
0.0,364,12725,4,5
0.0,365,6812,4,5
0.0,366,9491,4,5
0.0,367,12770,4,5
0.0,368,18919,4,5
0.0,369,14121,3,4
0.0,370,15412,5,6
0.0,371,4277,4,5
0.0,372,29029,4,5
0.0,373,18247,4,5
0.0,374,17884,5,7
0.0,375,16436,4,5
0.0,376,30316,4,5
0.0,377,11165,4,5
0.0,378,6452,4,5
0.0,379,4953,4,5
0.0,380,7329,4,5
0.0,381,9929,4,5
0.0,382,11956,4,5
0.0,383,22306,4,5
0.0,384,7770,4,5
0.0,385,24093,4,5
0.0,386,6981,4,5
0.0,387,8519,4,5
0.0,388,16450,4,5
0.0,389,9436,4,5
0.0,390,18034,4,5
0.0,391,9184,4,5
0.0,392,14744,2,4
0.0,393,5452,4,5
0.0,394,14034,4,5
0.0,395,8581,4,5
0.0,396,20074,3,4
0.0,397,18911,4,5
0.0,398,15892,5,8
0.0,399,20047,1,4
0.0,400,14003,3,4
0.0,401,18972,5,7
0.0,402,20962,4,5
0.0,403,17625,0,4
0.0,404,23215,4,5
0.0,405,9490,4,5
0.0,406,14066,5,6
0.0,407,10705,3,4
0.0,408,14038,5,7
0.0,409,9371,4,5
0.0,410,7516,4,5
0.0,411,19755,3,4
0.0,412,7988,5,6
0.0,413,5475,4,5
0.0,414,12863,2,4
0.0,415,36677,4,5
0.0,416,18428,4,5
0.0,417,24894,0,4
0.0,418,22718,4,5
0.0,419,10224,0,4
0.0,420,17575,4,5
0.0,421,18478,5,7
0.0,422,9214,4,5
0.0,423,8541,4,5
0.0,424,28766,5,6
0.0,425,8829,4,5
0.0,426,11352,4,5
0.0,427,9408,4,5
0.0,428,11320,4,5
0.0,429,17008,4,5
0.0,430,3872,4,5
0.0,431,6968,5,8
0.0,432,5406,4,5
0.0,433,9287,5,7
0.0,434,9755,4,5
0.0,435,26195,5,6
0.0,436,9501,4,5
0.0,437,5007,4,5
0.0,438,22203,4,5
0.0,439,26810,3,4
0.0,440,21733,3,4
0.0,441,11097,5,7
0.0,442,6676,4,5
0.0,443,19568,4,5
0.0,444,23568,0,4
0.0,445,6101,4,5
0.0,446,12592,4,5
0.0,447,20363,5,9
0.0,448,14808,5,6
0.0,449,13993,4,5
0.0,450,18454,4,5
0.0,451,4979,4,5
0.0,452,6541,4,5
0.0,453,5318,4,5
0.0,454,16516,4,5
0.0,455,9969,4,5
0.0,456,8272,1,4
0.0,457,34037,4,5
0.0,458,7991,1,4
0.0,459,10559,5,9
0.0,460,21428,0,4
0.0,461,22899,4,5
0.0,462,9771,0,4
0.0,463,7299,4,5
0.0,464,7822,4,5
0.0,465,8049,4,5
0.0,466,15729,5,9
0.0,467,13733,4,5
0.0,468,14196,0,4
0.0,469,15297,3,4
0.0,470,13357,4,5
0.0,471,22419,4,5
0.0,472,24672,5,8
0.0,473,5482,4,5
0.0,474,4771,4,5
0.0,475,7398,2,4
0.0,476,18307,0,4
0.0,477,14667,4,5
0.0,478,21411,2,4
0.0,479,15466,5,7
0.0,480,10644,1,4
0.0,481,18503,0,4
0.0,482,15879,3,4
0.0,483,8914,4,5
0.0,484,16879,1,4
0.0,485,16696,5,7
0.0,486,28796,2,4
0.0,487,17340,2,4
0.0,488,16622,4,5
0.0,489,3952,4,5
0.0,490,16233,5,8
0.0,491,5177,4,5
0.0,492,10236,4,5
0.0,493,2034,4,5
0.0,494,11299,4,5
0.0,495,29340,4,5
0.0,496,12732,4,5
0.0,497,24583,4,5
0.0,498,11344,4,5
0.0,499,3085,4,5
0.0,500,19664,4,5
0.0,501,9103,1,4
0.0,502,15174,4,5
0.0,503,11355,5,9
0.0,504,3751,4,5
0.0,505,27224,4,5
0.0,506,17651,4,5
0.0,507,52879,1,4
0.0,508,7424,4,5
0.0,509,4066,4,5
0.0,510,6623,4,5
0.0,511,14456,4,5
0.0,512,10252,0,4
0.0,513,13423,0,4
0.0,514,5427,4,5
0.0,515,8275,5,8
0.0,516,3679,4,5
0.0,517,15990,2,4
0.0,518,3951,4,5
0.0,519,24790,4,5
0.0,520,5122,4,5
0.0,521,7292,4,5
0.0,522,13551,4,5
0.0,523,30470,1,4
0.0,524,10546,4,5
0.0,525,19349,4,5
0.0,526,11692,1,4
0.0,527,19937,5,9
0.0,528,16234,5,7
0.0,529,6760,4,5
0.0,530,12032,4,5
0.0,531,4322,4,5
0.0,532,8555,4,5
0.0,533,25341,2,4
0.0,534,22116,4,5
0.0,535,25292,4,5
0.0,536,11272,4,5
0.0,537,23221,4,5
0.0,538,5731,4,5
0.0,539,8449,4,5
0.0,540,13880,4,5
0.0,541,28665,4,5
0.0,542,8660,5,7
0.0,543,15148,4,5
0.0,544,12631,4,5
0.0,545,5524,4,5
0.0,546,7392,4,5
0.0,547,11433,1,4
0.0,548,31684,2,4
0.0,549,12510,4,5
0.0,550,9854,4,5
0.0,551,5744,4,5
0.0,552,4836,4,5
0.0,553,13412,4,5
0.0,554,16043,4,5
0.0,555,23911,5,8
0.0,556,14610,5,8
0.0,557,17156,2,4
0.0,558,9723,4,5
0.0,559,8573,4,5
0.0,560,10681,4,5
0.0,561,10656,4,5
0.0,562,8659,1,4
0.0,563,12321,4,5
0.0,564,8897,4,5
0.0,565,7451,4,5
0.0,566,10034,5,9
0.0,567,12278,0,4
0.0,568,13842,4,5
0.0,569,14477,4,5
0.0,570,6967,4,5
0.0,571,18088,5,9
0.0,572,7751,4,5
0.0,573,19521,4,5
0.0,574,19758,4,5
0.0,575,2593,4,5
0.0,576,10471,4,5
0.0,577,17481,5,9
0.0,578,5447,4,5
0.0,579,11606,4,5
0.0,580,12230,5,7
0.0,581,27837,5,7
0.0,582,10857,4,5
0.0,583,8044,4,5
0.0,584,23238,5,7
0.0,585,8285,0,4
0.0,586,7807,4,5
0.0,587,3953,4,5
0.0,588,13828,1,4
0.0,589,3811,4,5
0.0,590,38562,4,5
0.0,591,19153,2,4
0.0,592,12032,4,5
0.0,593,24916,3,4
0.0,594,11872,4,5
0.0,595,30927,5,8
0.0,596,28416,4,5
0.0,597,9355,4,5
0.0,598,7655,4,5
0.0,599,14164,5,6
0.0,600,24315,5,9
0.0,601,11626,4,5
0.0,602,30487,4,5
0.0,603,5997,4,5
0.0,604,14295,4,5
0.0,605,3659,4,5
0.0,606,12196,2,4
0.0,607,30847,1,4
0.0,608,16769,4,5
0.0,609,6712,4,5
0.0,610,19900,5,6
0.0,611,6215,4,5
0.0,612,4708,4,5
0.0,613,3574,4,5
0.0,614,18480,5,6
0.0,615,3356,4,5
0.0,616,3240,4,5
0.0,617,13719,2,4
0.0,618,9863,4,5
0.0,619,10963,4,5
0.0,620,13834,4,5
0.0,621,11399,4,5
0.0,622,10492,0,4
0.0,623,4820,4,5
0.0,624,12117,4,5
0.0,625,14030,4,5
0.0,626,12806,4,5
0.0,627,10914,4,5
0.0,628,12153,3,4
0.0,629,15335,4,5
0.0,630,4734,4,5
0.0,631,7051,4,5
0.0,632,12580,5,7
0.0,633,10062,5,7
0.0,634,10266,4,5
0.0,635,16940,5,6
0.0,636,10340,4,5
0.0,637,14981,4,5
0.0,638,17278,3,4
0.0,639,15276,5,6
0.0,640,8445,4,5
0.0,641,15929,5,9
0.0,642,17150,5,8
0.0,643,3939,4,5
0.0,644,13597,3,4
0.0,645,14374,4,5
0.0,646,23319,4,5
0.0,647,10420,5,7
0.0,648,12508,4,5
0.0,649,7203,4,5
0.0,650,10106,4,5
0.0,651,13201,4,5
0.0,652,8921,4,5
0.0,653,36954,5,7
0.0,654,9915,4,5
0.0,655,10760,5,7
0.0,656,5374,4,5
0.0,657,12821,4,5
0.0,658,17091,5,6
0.0,659,9122,3,4
0.0,660,15903,0,4
0.0,661,6244,4,5
0.0,662,17795,4,5
0.0,663,13572,4,5
0.0,664,24723,1,4
0.0,665,9593,3,4
0.0,666,12057,4,5
0.0,667,11687,4,5
0.0,668,11765,4,5
0.0,669,16168,4,5
0.0,670,19875,5,6
0.0,671,19074,4,5
0.0,672,5701,4,5
0.0,673,8299,4,5
0.0,674,12766,4,5
0.0,675,2279,4,5
0.0,676,16703,5,8
0.0,677,10614,4,5
0.0,678,12012,2,4
0.0,679,7482,4,5
0.0,680,26681,4,5
0.0,681,24561,5,9
0.0,682,12221,5,6
0.0,683,7497,4,5
0.0,684,5835,4,5
0.0,685,6290,4,5
0.0,686,12700,4,5
0.0,687,23462,4,5
0.0,688,7550,4,5
0.0,689,15146,3,4
0.0,690,12757,4,5
0.0,691,10502,4,5
0.0,692,9976,4,5
0.0,693,10176,4,5
0.0,694,20004,5,8
0.0,695,12687,1,4
0.0,696,12046,3,4
0.0,697,7457,4,5
0.0,698,16961,4,5
0.0,699,10730,4,5
0.0,700,24418,4,5
0.0,701,20494,1,4
0.0,702,4741,4,5
0.0,703,9366,4,5
0.0,704,28076,4,5
0.0,705,13387,4,5
0.0,706,26532,4,5
0.0,707,13414,2,4
0.0,708,17115,0,4
0.0,709,13524,4,5
0.0,710,26833,5,9
0.0,711,11180,4,5
0.0,712,11391,5,8
0.0,713,24688,1,4
0.0,714,11042,0,4
0.0,715,19032,4,5
0.0,716,9489,4,5
0.0,717,14654,4,5
0.0,718,29002,4,5
0.0,719,7662,4,5
0.0,720,9605,0,4
0.0,721,20313,4,5
0.0,722,12081,4,5
0.0,723,3360,4,5
0.0,724,19560,3,4
0.0,725,11803,4,5
0.0,726,7511,4,5
0.0,727,14828,5,6
0.0,728,3179,4,5
0.0,729,14771,2,4
0.0,730,15190,4,5
0.0,731,8382,4,5
0.0,732,6055,4,5
0.0,733,6477,4,5
0.0,734,10549,3,4
0.0,735,27983,4,5
0.0,736,10493,5,8
0.0,737,12936,5,8
0.0,738,18662,2,4
0.0,739,18707,4,5
0.0,740,18313,4,5
0.0,741,12166,4,5
0.0,742,29597,5,8
0.0,743,14311,0,4
0.0,744,15612,4,5
0.0,745,4258,4,5
0.0,746,14345,4,5
0.0,747,29460,3,4
0.0,748,15862,0,4
0.0,749,15171,3,4
0.0,750,11659,4,5
0.0,751,6929,4,5
0.0,752,12553,3,4
0.0,753,24658,5,7
0.0,754,17641,4,5
0.0,755,9366,4,5
0.0,756,15171,4,5
0.0,757,21041,2,4
0.0,758,15123,4,5
0.0,759,7579,4,5
0.0,760,13948,1,4
0.0,761,9602,4,5
0.0,762,2924,4,5
0.0,763,12577,4,5
0.0,764,16031,4,5
0.0,765,12422,4,5
0.0,766,14433,5,6
0.0,767,19360,2,4
0.0,768,21714,1,4
0.0,769,4038,4,5
0.0,770,14163,0,4
0.0,771,11778,4,5
0.0,772,15385,4,5
0.0,773,4425,4,5
0.0,774,4601,4,5
0.0,775,36384,5,9
0.0,776,23464,3,4
0.0,777,14843,4,5
0.0,778,6478,4,5
0.0,779,16575,5,8
0.0,780,17590,5,7
0.0,781,16342,5,9
0.0,782,2399,4,5
0.0,783,13541,4,5
0.0,784,17379,5,9
0.0,785,24794,4,5
0.0,786,20838,4,5
0.0,787,3501,4,5
0.0,788,8928,4,5
0.0,789,12020,4,5
0.0,790,16320,0,4
0.0,791,12361,4,5
0.0,792,29552,2,4
0.0,793,23656,5,7
0.0,794,8298,4,5
0.0,795,7934,4,5
0.0,796,10756,4,5
0.0,797,15797,1,4
0.0,798,6129,4,5
0.0,799,16124,4,5
0.0,800,2177,4,5
0.0,801,21098,5,7
0.0,802,15924,3,4
0.0,803,7538,4,5
0.0,804,16504,4,5
0.0,805,16447,5,7
0.0,806,8873,4,5
0.0,807,10931,4,5
0.0,808,17977,5,6
0.0,809,11950,4,5
0.0,810,4008,4,5
0.0,811,5849,4,5
0.0,812,20648,5,8
0.0,813,13035,4,5
0.0,814,14836,0,4
0.0,815,18648,4,5
0.0,816,10036,5,8
0.0,817,14000,4,5
0.0,818,12414,4,5
0.0,819,4298,4,5
0.0,820,16135,4,5
0.0,821,5658,4,5
0.0,822,18552,5,6
0.0,823,9482,1,4
0.0,824,15444,0,4
0.0,825,13918,4,5
0.0,826,3997,4,5
0.0,827,14937,2,4
0.0,828,10807,4,5
0.0,829,22622,4,5
0.0,830,5717,4,5
0.0,831,12941,5,8
0.0,832,20761,4,5
0.0,833,10954,0,4
0.0,834,5836,4,5
0.0,835,3811,4,5
0.0,836,19527,2,4
0.0,837,12200,4,5
0.0,838,11129,0,4
0.0,839,11452,4,5
0.0,840,3258,4,5
0.0,841,11879,4,5
0.0,842,14602,4,5
0.0,843,18838,3,4
0.0,844,5422,4,5
0.0,845,27574,4,5
0.0,846,10090,2,4
0.0,847,4292,4,5
0.0,848,16305,2,4
0.0,849,8600,4,5
0.0,850,8936,4,5
0.0,851,16242,4,5
0.0,852,10647,2,4
0.0,853,15641,5,8
0.0,854,8905,3,4
0.0,855,5706,4,5
0.0,856,16447,0,4
0.0,857,8682,4,5
0.0,858,21140,4,5
0.0,859,7266,5,6
0.0,860,9278,4,5
0.0,861,5406,4,5
0.0,862,18926,5,9
0.0,863,9660,5,9
0.0,864,11640,5,7
0.0,865,7884,4,5
0.0,866,13029,4,5
0.0,867,12788,4,5
0.0,868,3469,4,5
0.0,869,12076,4,5
0.0,870,10081,5,6
0.0,871,7315,4,5
0.0,872,6373,4,5
0.0,873,22441,1,4
0.0,874,29895,4,5
0.0,875,8631,4,5
0.0,876,8542,4,5
0.0,877,9229,4,5
0.0,878,25017,5,6
0.0,879,28620,1,4
0.0,880,9057,4,5
0.0,881,9523,4,5
0.0,882,3822,4,5
0.0,883,19538,4,5
0.0,884,1817,4,5
0.0,885,11490,0,4
0.0,886,27981,5,6
0.0,887,20644,1,4
0.0,888,3917,4,5
0.0,889,15573,4,5
0.0,890,18944,4,5
0.0,891,12771,5,6
0.0,892,5497,4,5
0.0,893,19255,5,8
0.0,894,17698,2,4
0.0,895,16024,1,4
0.0,896,9196,4,5
0.0,897,12105,4,5
0.0,898,7196,4,5
0.0,899,15348,4,5
0.0,900,4166,4,5
0.0,901,17720,5,7
0.0,902,6062,4,5
0.0,903,5968,4,5
0.0,904,11927,4,5
0.0,905,25214,5,7
0.0,906,11211,3,4
0.0,907,9789,2,4
0.0,908,15928,5,6
0.0,909,17306,4,5
0.0,910,6969,4,5
0.0,911,13098,5,7
0.0,912,13182,4,5
0.0,913,3815,4,5
0.0,914,14883,0,4
0.0,915,20540,1,4
0.0,916,11172,4,5
0.0,917,16281,0,4
0.0,918,27331,5,7
0.0,919,13270,4,5
0.0,920,12245,5,9
0.0,921,36351,2,4
0.0,922,13642,2,4
0.0,923,24740,4,5
0.0,924,6452,4,5
0.0,925,10183,0,4
0.0,926,8840,4,5
0.0,927,8191,4,5
0.0,928,14332,4,5
0.0,929,19026,5,8
0.0,930,12739,4,5
0.0,931,9680,5,6
0.0,932,4733,4,5
0.0,933,19461,3,4
0.0,934,14166,5,9
0.0,935,13920,5,6
0.0,936,11000,4,5
0.0,937,3633,4,5
0.0,938,9400,4,5
0.0,939,5760,4,5
0.0,940,3777,4,5
0.0,941,17727,0,4
0.0,942,14500,4,5
0.0,943,2348,4,5
0.0,944,31303,4,5
0.0,945,8440,4,5
0.0,946,5606,4,5
0.0,947,43983,5,6
0.0,948,11190,0,4
0.0,949,18215,4,5
0.0,950,18921,1,4
0.0,951,10248,4,5
0.0,952,11185,4,5
0.0,953,6323,5,9
0.0,954,9676,5,9
0.0,955,6213,4,5
0.0,956,18582,5,8
0.0,957,2975,4,5
0.0,958,12304,4,5
0.0,959,28534,4,5
0.0,960,3283,4,5
0.0,961,1941,4,5
0.0,962,17960,4,5
0.0,963,6997,4,5
0.0,964,26774,2,4
0.0,965,32556,1,4
0.0,966,18081,0,4
0.0,967,41248,4,5
0.0,968,6657,4,5
0.0,969,18722,5,6
0.0,970,2834,4,5
0.0,971,8847,4,5
0.0,972,9153,4,5
0.0,973,7178,4,5
0.0,974,6021,4,5
0.0,975,19404,4,5
0.0,976,11891,4,5
0.0,977,9300,4,5
0.0,978,18510,4,5
0.0,979,5852,4,5
0.0,980,6170,4,5
0.0,981,6121,4,5
0.0,982,15015,4,5
0.0,983,4596,4,5
0.0,984,4820,4,5
0.0,985,6468,4,5
0.0,986,12930,4,5
0.0,987,12881,2,4
0.0,988,19401,5,7
0.0,989,10124,4,5
0.0,990,12941,0,4
0.0,991,22228,5,6
0.0,992,24149,1,4
0.0,993,10520,2,4
0.0,994,7594,4,5
0.0,995,4308,4,5
0.0,996,14460,4,5
0.0,997,6534,0,4
0.0,998,7389,4,5
0.0,999,8657,4,5
0.3,0,1960,2,4
0.3,1,1980,0,4
0.3,2,1326,4,5
0.3,3,1810,2,4
0.3,4,1219,0,4
0.3,5,2108,2,4
0.3,6,1917,2,4
0.3,7,1801,0,4
0.3,8,1624,0,4
0.3,9,1834,0,4
0.3,10,1874,2,4
0.3,11,1268,4,5
0.3,12,2422,2,4
0.3,13,1626,4,5
0.3,14,1526,4,5
0.3,15,1414,4,5
0.3,16,1250,0,4
0.3,17,1682,0,4
0.3,18,1463,4,5
0.3,19,1560,4,5
0.3,20,1036,4,5
0.3,21,1972,0,4
0.3,22,2224,2,4
0.3,23,2074,0,4
0.3,24,1567,4,5
0.3,25,1972,0,4
0.3,26,1571,4,5
0.3,27,1357,0,4
0.3,28,1621,0,4
0.3,29,1614,4,5
0.3,30,1238,4,5
0.3,31,1573,2,4
0.3,32,1526,0,4
0.3,33,1238,4,5
0.3,34,1715,2,4
0.3,35,2033,2,4
0.3,36,1792,4,5
0.3,37,1729,0,4
0.3,38,1245,4,5
0.3,39,1605,4,5
0.3,40,1808,2,4
0.3,41,2266,0,4
0.3,42,1328,4,5
0.3,43,1852,2,4
0.3,44,1448,2,4
0.3,45,1531,0,4
0.3,46,2046,4,5
0.3,47,1315,2,4
0.3,48,1487,0,4
0.3,49,1611,4,5
0.3,50,1717,0,4
0.3,51,1212,4,5
0.3,52,1634,2,4
0.3,53,2105,2,4
0.3,54,1969,4,5
0.3,55,1340,2,4
0.3,56,1330,2,4
0.3,57,1805,0,4
0.3,58,1744,4,5
0.3,59,1586,4,5
0.3,60,1970,2,4
0.3,61,2402,2,4
0.3,62,1451,4,5
0.3,63,1599,4,5
0.3,64,1472,0,4
0.3,65,993,4,5
0.3,66,1276,2,4
0.3,67,1894,4,5
0.3,68,2148,2,4
0.3,69,2049,0,4
0.3,70,1486,4,5
0.3,71,1886,2,4
0.3,72,1727,2,4
0.3,73,1710,0,4
0.3,74,1560,0,4
0.3,75,1434,2,4
0.3,76,1474,4,5
0.3,77,1175,4,5
0.3,78,1677,4,5
0.3,79,1468,4,5
0.3,80,2102,4,5
0.3,81,1913,2,4
0.3,82,1733,4,5
0.3,83,2114,2,4
0.3,84,1290,4,5
0.3,85,1648,2,4
0.3,86,1580,0,4
0.3,87,1738,0,4
0.3,88,2016,0,4
0.3,89,1838,4,5
0.3,90,1913,0,4
0.3,91,1361,4,5
0.3,92,1910,2,4
0.3,93,2052,2,4
0.3,94,1610,4,5
0.3,95,1724,2,4
0.3,96,2047,4,5
0.3,97,2030,0,4
0.3,98,1215,4,5
0.3,99,1796,0,4
0.3,100,1574,0,4
0.3,101,1467,2,4
0.3,102,1474,0,4
0.3,103,1118,4,5
0.3,104,1857,2,4
0.3,105,1383,4,5
0.3,106,1463,2,4
0.3,107,1099,4,5
0.3,108,1864,0,4
0.3,109,1558,4,5
0.3,110,1869,2,4
0.3,111,2173,0,4
0.3,112,1707,2,4
0.3,113,1774,4,5
0.3,114,1452,4,5
0.3,115,2066,0,4
0.3,116,1511,0,4
0.3,117,1399,4,5
0.3,118,1607,4,5
0.3,119,1058,4,5
0.3,120,1044,4,5
0.3,121,1364,4,5
0.3,122,2592,2,4
0.3,123,1879,4,5
0.3,124,1782,4,5
0.3,125,1784,4,5
0.3,126,1689,0,4
0.3,127,1373,0,4
0.3,128,1485,4,5
0.3,129,2326,4,5
0.3,130,905,4,5
0.3,131,1836,0,4
0.3,132,977,4,5
0.3,133,1202,4,5
0.3,134,1955,0,4
0.3,135,1889,4,5
0.3,136,1934,4,5
0.3,137,1386,2,4
0.3,138,1767,0,4
0.3,139,1301,4,5
0.3,140,2501,0,4
0.3,141,1906,0,4
0.3,142,1599,4,5
0.3,143,988,4,5
0.3,144,1537,4,5
0.3,145,1735,4,5
0.3,146,961,4,5
0.3,147,1600,2,4
0.3,148,1568,2,4
0.3,149,2178,5,7
0.3,150,902,4,5
0.3,151,1597,0,4
0.3,152,1173,4,5
0.3,153,1953,0,4
0.3,154,2012,0,4
0.3,155,1837,0,4
0.3,156,1350,2,4
0.3,157,1813,4,5
0.3,158,2070,2,4
0.3,159,1647,0,4
0.3,160,2057,2,4
0.3,161,1584,4,5
0.3,162,898,4,5
0.3,163,1478,2,4
0.3,164,1396,4,5
0.3,165,1726,0,4
0.3,166,1061,4,5
0.3,167,1014,4,5
0.3,168,1981,4,5
0.3,169,1666,4,5
0.3,170,1628,4,5
0.3,171,1491,4,5
0.3,172,1325,0,4
0.3,173,1802,0,4
0.3,174,1298,4,5
0.3,175,2523,2,4
0.3,176,1990,0,4
0.3,177,1824,0,4
0.3,178,1741,2,4
0.3,179,1569,0,4
0.3,180,1250,4,5
0.3,181,1610,0,4
0.3,182,1907,0,4
0.3,183,1939,0,4
0.3,184,1663,0,4
0.3,185,1802,4,5
0.3,186,1779,2,4
0.3,187,2305,2,4
0.3,188,1668,0,4
0.3,189,1760,4,5
0.3,190,1577,4,5
0.3,191,1315,2,4
0.3,192,1257,4,5
0.3,193,1367,4,5
0.3,194,1960,2,4
0.3,195,1360,2,4
0.3,196,2449,2,4
0.3,197,1924,0,4
0.3,198,1507,2,4
0.3,199,1439,2,4
0.3,200,1591,2,4
0.3,201,1663,2,4
0.3,202,1791,0,4
0.3,203,1782,2,4
0.3,204,1433,2,4
0.3,205,1830,4,5
0.3,206,1559,4,5
0.3,207,1843,0,4
0.3,208,1441,4,5
0.3,209,2297,2,4
0.3,210,1881,4,5
0.3,211,1836,2,4
0.3,212,1935,2,4
0.3,213,1339,4,5
0.3,214,2048,2,4
0.3,215,1574,2,4
0.3,216,1232,0,4
0.3,217,1714,0,4
0.3,218,1440,0,4
0.3,219,2117,0,4
0.3,220,1225,4,5
0.3,221,1463,4,5
0.3,222,1658,4,5
0.3,223,1863,2,4
0.3,224,782,4,5
0.3,225,1414,4,5
0.3,226,1802,2,4
0.3,227,1466,2,4
0.3,228,2361,2,4
0.3,229,1568,0,4
0.3,230,1834,4,5
0.3,231,2537,0,4
0.3,232,1942,4,5
0.3,233,1014,4,5
0.3,234,1408,4,5
0.3,235,1691,2,4
0.3,236,2104,2,4
0.3,237,2120,2,4
0.3,238,2213,2,4
0.3,239,906,4,5
0.3,240,1350,2,4
0.3,241,1734,0,4
0.3,242,1583,0,4
0.3,243,2185,2,4
0.3,244,2202,2,4
0.3,245,1606,4,5
0.3,246,1252,4,5
0.3,247,1503,4,5
0.3,248,1351,4,5
0.3,249,1505,4,5
0.3,250,1904,0,4
0.3,251,1932,2,4
0.3,252,1176,4,5
0.3,253,1949,4,5
0.3,254,940,4,5
0.3,255,1365,4,5
0.3,256,1929,2,4
0.3,257,1981,2,4
0.3,258,1623,2,4
0.3,259,1466,4,5
0.3,260,1540,2,4
0.3,261,1340,4,5
0.3,262,2309,2,4
0.3,263,2129,0,4
0.3,264,1669,4,5
0.3,265,2142,0,4
0.3,266,1857,2,4
0.3,267,1495,2,4
0.3,268,1086,2,4
0.3,269,1725,2,4
0.3,270,2257,2,4
0.3,271,1812,4,5
0.3,272,1802,0,4
0.3,273,2142,2,4
0.3,274,1596,2,4
0.3,275,1422,2,4
0.3,276,1042,4,5
0.3,277,1534,2,4
0.3,278,1856,0,4
0.3,279,2016,0,4
0.3,280,1665,4,5
0.3,281,1832,2,4
0.3,282,1499,4,5
0.3,283,1430,0,4
0.3,284,2072,4,5
0.3,285,1858,2,4
0.3,286,1672,2,4
0.3,287,1671,2,4
0.3,288,2175,2,4
0.3,289,2103,0,4
0.3,290,1468,2,4
0.3,291,1515,2,4
0.3,292,1877,0,4
0.3,293,946,4,5
0.3,294,2295,4,5
0.3,295,2086,0,4
0.3,296,1998,2,4
0.3,297,1968,0,4
0.3,298,1994,4,5
0.3,299,1845,0,4
0.3,300,1365,4,5
0.3,301,1697,4,5
0.3,302,2027,2,4
0.3,303,2069,4,5
0.3,304,1548,4,5
0.3,305,1489,0,4
0.3,306,1477,2,4
0.3,307,1378,2,4
0.3,308,1662,2,4
0.3,309,1066,4,5
0.3,310,1949,0,4
0.3,311,1497,4,5
0.3,312,1665,2,4
0.3,313,1040,4,5
0.3,314,1122,4,5
0.3,315,1432,4,5
0.3,316,1684,0,4
0.3,317,957,4,5
0.3,318,1746,0,4
0.3,319,1508,2,4
0.3,320,2349,2,4
0.3,321,2396,2,4
0.3,322,1829,0,4
0.3,323,1679,4,5
0.3,324,1834,0,4
0.3,325,1623,0,4
0.3,326,1853,2,4
0.3,327,1417,4,5
0.3,328,1232,4,5
0.3,329,1650,0,4
0.3,330,2147,0,4
0.3,331,1985,2,4
0.3,332,1998,0,4
0.3,333,1284,4,5
0.3,334,2018,2,4
0.3,335,2026,0,4
0.3,336,1888,2,4
0.3,337,1759,2,4
0.3,338,1350,2,4
0.3,339,1602,0,4
0.3,340,1231,4,5
0.3,341,1387,4,5
0.3,342,1759,4,5
0.3,343,1973,0,4
0.3,344,1137,4,5
0.3,345,1875,4,5
0.3,346,1461,4,5
0.3,347,1795,0,4
0.3,348,1479,0,4
0.3,349,2020,2,4
0.3,350,2281,2,4
0.3,351,1738,2,4
0.3,352,1765,4,5
0.3,353,1395,4,5
0.3,354,1766,0,4
0.3,355,1614,2,4
0.3,356,1917,0,4
0.3,357,1567,4,5
0.3,358,1333,4,5
0.3,359,1329,4,5
0.3,360,1749,2,4
0.3,361,2331,0,4
0.3,362,1689,0,4
0.3,363,1897,2,4
0.3,364,1808,0,4
0.3,365,1965,0,4
0.3,366,1130,4,5
0.3,367,1750,0,4
0.3,368,1358,2,4
0.3,369,1612,4,5
0.3,370,1380,4,5
0.3,371,1001,4,5
0.3,372,1946,0,4
0.3,373,1963,2,4
0.3,374,1809,2,4
0.3,375,1723,2,4
0.3,376,1500,0,4
0.3,377,1383,4,5
0.3,378,1644,2,4
0.3,379,1249,4,5
0.3,380,1973,0,4
0.3,381,1907,0,4
0.3,382,1626,4,5
0.3,383,1330,2,4
0.3,384,1346,4,5
0.3,385,1800,2,4
0.3,386,1396,0,4
0.3,387,1694,0,4
0.3,388,1637,2,4
0.3,389,1772,4,5
0.3,390,2171,0,4
0.3,391,2233,2,4
0.3,392,1558,4,5
0.3,393,1507,4,5
0.3,394,1213,4,5
0.3,395,1930,0,4
0.3,396,1882,2,4
0.3,397,2219,4,5
0.3,398,1548,2,4
0.3,399,1451,0,4
0.3,400,1660,4,5
0.3,401,1137,4,5
0.3,402,1276,2,4
0.3,403,2350,2,4
0.3,404,2051,2,4
0.3,405,859,4,5
0.3,406,2070,0,4
0.3,407,1990,2,4
0.3,408,1721,0,4
0.3,409,1587,0,4
0.3,410,1513,2,4
0.3,411,1687,0,4
0.3,412,2146,2,4
0.3,413,2000,2,4
0.3,414,1090,4,5
0.3,415,2085,2,4
0.3,416,1945,2,4
0.3,417,1745,0,4
0.3,418,1259,2,4
0.3,419,2289,0,4
0.3,420,1717,4,5
0.3,421,2079,0,4
0.3,422,1566,0,4
0.3,423,1841,2,4
0.3,424,1522,4,5
0.3,425,1495,4,5
0.3,426,1855,0,4
0.3,427,1418,2,4
0.3,428,1668,2,4
0.3,429,1792,0,4
0.3,430,2122,2,4
0.3,431,1519,2,4
0.3,432,1822,4,5
0.3,433,1587,0,4
0.3,434,2682,0,4
0.3,435,1322,2,4
0.3,436,1628,0,4
0.3,437,1168,4,5
0.3,438,1771,2,4
0.3,439,1748,2,4
0.3,440,2172,2,4
0.3,441,2168,2,4
0.3,442,1744,2,4
0.3,443,2023,0,4
0.3,444,1456,0,4
0.3,445,1525,4,5
0.3,446,1227,4,5
0.3,447,1304,2,4
0.3,448,1956,0,4
0.3,449,1950,0,4
0.3,450,2169,4,5
0.3,451,1952,4,5
0.3,452,1445,2,4
0.3,453,1826,2,4
0.3,454,1658,4,5
0.3,455,1862,2,4
0.3,456,1618,4,5
0.3,457,1659,4,5
0.3,458,1587,2,4
0.3,459,2013,0,4
0.3,460,1446,4,5
0.3,461,1367,4,5
0.3,462,1363,0,4
0.3,463,1144,4,5
0.3,464,1338,0,4
0.3,465,2062,0,4
0.3,466,1872,2,4
0.3,467,1281,4,5
0.3,468,1887,4,5
0.3,469,1662,0,4
0.3,470,1139,4,5
0.3,471,2325,0,4
0.3,472,2011,2,4
0.3,473,1910,2,4
0.3,474,1315,4,5
0.3,475,2209,2,4
0.3,476,2040,2,4
0.3,477,898,4,5
0.3,478,1626,0,4
0.3,479,1733,4,5
0.3,480,1222,4,5
0.3,481,1181,4,5
0.3,482,2124,0,4
0.3,483,1577,4,5
0.3,484,1530,4,5
0.3,485,2112,2,4
0.3,486,1592,2,4
0.3,487,2136,4,5
0.3,488,1955,0,4
0.3,489,1825,0,4
0.3,490,2161,2,4
0.3,491,1689,4,5
0.3,492,1705,2,4
0.3,493,1489,4,5
0.3,494,1601,2,4
0.3,495,1394,0,4
0.3,496,1553,2,4
0.3,497,1754,0,4
0.3,498,1409,2,4
0.3,499,1487,4,5
0.3,500,1829,2,4
0.3,501,1926,2,4
0.3,502,1140,4,5
0.3,503,2212,2,4
0.3,504,1528,0,4
0.3,505,2316,2,4
0.3,506,1647,4,5
0.3,507,1836,2,4
0.3,508,1429,4,5
0.3,509,1513,4,5
0.3,510,1231,4,5
0.3,511,1410,0,4
0.3,512,1797,0,4
0.3,513,1144,4,5
0.3,514,1613,4,5
0.3,515,1284,4,5
0.3,516,1497,0,4
0.3,517,1647,0,4
0.3,518,1785,2,4
0.3,519,1819,2,4
0.3,520,1395,2,4
0.3,521,1915,2,4
0.3,522,1096,4,5
0.3,523,1688,4,5
0.3,524,1590,0,4
0.3,525,1813,0,4
0.3,526,1730,2,4
0.3,527,1498,4,5
0.3,528,1347,4,5
0.3,529,1759,2,4
0.3,530,1817,2,4
0.3,531,1968,2,4
0.3,532,1251,4,5
0.3,533,1853,0,4
0.3,534,1689,0,4
0.3,535,1504,2,4
0.3,536,1921,0,4
0.3,537,2062,0,4
0.3,538,1898,4,5
0.3,539,1888,4,5
0.3,540,987,4,5
0.3,541,1814,0,4
0.3,542,1627,4,5
0.3,543,1933,2,4
0.3,544,1641,2,4
0.3,545,1897,2,4
0.3,546,1458,2,4
0.3,547,1344,4,5
0.3,548,1879,2,4
0.3,549,1327,4,5
0.3,550,1627,4,5
0.3,551,1180,4,5
0.3,552,2169,2,4
0.3,553,1739,2,4
0.3,554,1763,4,5
0.3,555,1570,0,4
0.3,556,1728,4,5
0.3,557,1642,4,5
0.3,558,1580,4,5
0.3,559,1647,2,4
0.3,560,1905,0,4
0.3,561,1899,0,4
0.3,562,1013,4,5
0.3,563,1633,2,4
0.3,564,2272,0,4
0.3,565,1217,4,5
0.3,566,2114,4,5
0.3,567,2079,2,4
0.3,568,1800,0,4
0.3,569,1633,0,4
0.3,570,1086,0,4
0.3,571,1902,2,4
0.3,572,2193,2,4
0.3,573,1714,2,4
0.3,574,1236,4,5
0.3,575,2000,2,4
0.3,576,1693,0,4
0.3,577,2202,5,6
0.3,578,922,4,5
0.3,579,957,4,5
0.3,580,1490,0,4
0.3,581,1823,2,4
0.3,582,1846,0,4
0.3,583,1321,0,4
0.3,584,2055,2,4
0.3,585,2259,0,4
0.3,586,2093,2,4
0.3,587,1371,0,4
0.3,588,1748,2,4
0.3,589,2603,2,4
0.3,590,1841,0,4
0.3,591,2515,2,4
0.3,592,1093,4,5
0.3,593,1991,2,4
0.3,594,1667,2,4
0.3,595,1721,0,4
0.3,596,1412,4,5
0.3,597,2263,2,4
0.3,598,1022,4,5
0.3,599,1930,0,4
0.3,600,2198,2,4
0.3,601,1733,4,5
0.3,602,1716,2,4
0.3,603,1727,2,4
0.3,604,2268,0,4
0.3,605,1689,0,4
0.3,606,1690,4,5
0.3,607,1539,2,4
0.3,608,2093,0,4
0.3,609,1349,4,5
0.3,610,2465,2,4
0.3,611,1850,2,4
0.3,612,1669,4,5
0.3,613,1220,4,5
0.3,614,1924,0,4
0.3,615,1443,4,5
0.3,616,1968,0,4
0.3,617,1998,2,4
0.3,618,1885,0,4
0.3,619,1552,0,4
0.3,620,1933,0,4
0.3,621,1768,0,4
0.3,622,1710,4,5
0.3,623,1447,4,5
0.3,624,2261,2,4
0.3,625,1987,5,7
0.3,626,1312,4,5
0.3,627,1809,0,4
0.3,628,1801,2,4
0.3,629,1430,4,5
0.3,630,1958,0,4
0.3,631,1441,0,4
0.3,632,1359,2,4
0.3,633,1641,0,4
0.3,634,2034,5,7
0.3,635,1359,4,5
0.3,636,1494,0,4
0.3,637,1843,0,4
0.3,638,2113,2,4
0.3,639,1448,2,4
0.3,640,2004,2,4
0.3,641,1879,0,4
0.3,642,1530,4,5
0.3,643,1744,0,4
0.3,644,2033,2,4
0.3,645,1259,4,5
0.3,646,1593,0,4
0.3,647,1752,4,5
0.3,648,1231,0,4
0.3,649,2194,2,4
0.3,650,1362,4,5
0.3,651,1539,2,4
0.3,652,1748,4,5
0.3,653,1520,0,4
0.3,654,1469,0,4
0.3,655,1631,4,5
0.3,656,2311,2,4
0.3,657,1316,4,5
0.3,658,1821,0,4
0.3,659,1734,2,4
0.3,660,1679,2,4
0.3,661,1671,0,4
0.3,662,1463,2,4
0.3,663,1816,0,4
0.3,664,1984,0,4
0.3,665,1663,0,4
0.3,666,1595,0,4
0.3,667,1751,4,5
0.3,668,1778,2,4
0.3,669,2088,0,4
0.3,670,2004,0,4
0.3,671,1869,4,5
0.3,672,1405,4,5
0.3,673,1293,2,4
0.3,674,2111,2,4
0.3,675,2360,2,4
0.3,676,1477,4,5
0.3,677,986,4,5
0.3,678,1731,2,4
0.3,679,1505,4,5
0.3,680,911,4,5
0.3,681,2024,4,5
0.3,682,2029,2,4
0.3,683,2268,4,5
0.3,684,1672,4,5
0.3,685,1017,4,5
0.3,686,1635,0,4
0.3,687,1614,2,4
0.3,688,1836,4,5
0.3,689,1228,4,5
0.3,690,1539,2,4
0.3,691,1428,4,5
0.3,692,2079,0,4
0.3,693,1463,4,5
0.3,694,1768,2,4
0.3,695,1548,4,5
0.3,696,1638,0,4
0.3,697,2089,0,4
0.3,698,1576,0,4
0.3,699,1481,4,5
0.3,700,961,4,5
0.3,701,1623,2,4
0.3,702,2280,0,4
0.3,703,2088,0,4
0.3,704,1865,4,5
0.3,705,1663,0,4
0.3,706,2506,0,4
0.3,707,1021,4,5
0.3,708,1853,2,4
0.3,709,1165,4,5
0.3,710,1559,0,4
0.3,711,1546,0,4
0.3,712,1514,0,4
0.3,713,1605,2,4
0.3,714,1396,4,5
0.3,715,1770,4,5
0.3,716,1104,4,5
0.3,717,1700,2,4
0.3,718,1984,2,4
0.3,719,864,4,5
0.3,720,1441,0,4
0.3,721,1552,0,4
0.3,722,2108,0,4
0.3,723,1813,4,5
0.3,724,1880,0,4
0.3,725,1531,0,4
0.3,726,1207,4,5
0.3,727,2247,4,5
0.3,728,2480,0,4
0.3,729,1846,0,4
0.3,730,1930,0,4
0.3,731,1798,4,5
0.3,732,1206,4,5
0.3,733,1744,0,4
0.3,734,1646,0,4
0.3,735,1468,4,5
0.3,736,1498,0,4
0.3,737,1805,0,4
0.3,738,1036,4,5
0.3,739,2252,4,5
0.3,740,1683,0,4
0.3,741,1474,4,5
0.3,742,1884,4,5
0.3,743,1722,0,4
0.3,744,1839,4,5
0.3,745,1799,2,4
0.3,746,1008,4,5
0.3,747,1881,0,4
0.3,748,1541,4,5
0.3,749,1971,0,4
0.3,750,1499,4,5
0.3,751,1136,4,5
0.3,752,1613,2,4
0.3,753,1985,4,5
0.3,754,955,4,5
0.3,755,1811,4,5
0.3,756,1475,0,4
0.3,757,1739,4,5
0.3,758,1793,2,4
0.3,759,1505,4,5
0.3,760,962,4,5
0.3,761,1815,2,4
0.3,762,1869,4,5
0.3,763,2021,4,5
0.3,764,1376,4,5
0.3,765,1931,2,4
0.3,766,1637,4,5
0.3,767,1751,0,4
0.3,768,1021,4,5
0.3,769,2041,2,4
0.3,770,1631,0,4
0.3,771,1897,4,5
0.3,772,1388,0,4
0.3,773,1741,2,4
0.3,774,1403,4,5
0.3,775,1740,0,4
0.3,776,1957,2,4
0.3,777,1596,0,4
0.3,778,1544,0,4
0.3,779,1565,2,4
0.3,780,1446,2,4
0.3,781,1100,4,5
0.3,782,2277,0,4
0.3,783,1832,0,4
0.3,784,2083,2,4
0.3,785,1749,4,5
0.3,786,2226,2,4
0.3,787,1850,4,5
0.3,788,1907,0,4
0.3,789,1338,4,5
0.3,790,2497,2,4
0.3,791,1697,4,5
0.3,792,1280,4,5
0.3,793,1661,0,4
0.3,794,2127,0,4
0.3,795,2183,2,4
0.3,796,1703,0,4
0.3,797,2134,4,5
0.3,798,1720,4,5
0.3,799,1503,4,5
0.3,800,1557,4,5
0.3,801,2122,0,4
0.3,802,1746,0,4
0.3,803,1814,4,5
0.3,804,1811,4,5
0.3,805,1992,2,4
0.3,806,1549,0,4
0.3,807,1756,2,4
0.3,808,1938,0,4
0.3,809,1515,2,4
0.3,810,1465,4,5
0.3,811,1895,0,4
0.3,812,1669,4,5
0.3,813,2082,2,4
0.3,814,1232,4,5
0.3,815,1578,0,4
0.3,816,1361,4,5
0.3,817,1715,2,4
0.3,818,2064,0,4
0.3,819,2033,0,4
0.3,820,1669,2,4
0.3,821,1488,0,4
0.3,822,1357,0,4
0.3,823,1924,4,5
0.3,824,1621,4,5
0.3,825,1590,0,4
0.3,826,977,4,5
0.3,827,2565,0,4
0.3,828,2156,0,4
0.3,829,1349,4,5
0.3,830,1796,0,4
0.3,831,1665,2,4
0.3,832,1722,0,4
0.3,833,1553,2,4
0.3,834,1433,0,4
0.3,835,1462,4,5
0.3,836,1383,4,5
0.3,837,1145,4,5
0.3,838,1615,4,5
0.3,839,1557,0,4
0.3,840,2577,2,4
0.3,841,912,4,5
0.3,842,1736,2,4
0.3,843,1436,4,5
0.3,844,2080,2,4
0.3,845,1763,0,4
0.3,846,2231,2,4
0.3,847,1506,4,5
0.3,848,1406,4,5
0.3,849,1707,0,4
0.3,850,1652,4,5
0.3,851,2274,0,4
0.3,852,1710,2,4
0.3,853,1591,0,4
0.3,854,2158,4,5
0.3,855,1726,0,4
0.3,856,1579,2,4
0.3,857,2248,0,4
0.3,858,1615,4,5
0.3,859,1701,0,4
0.3,860,2276,0,4
0.3,861,1698,0,4
0.3,862,1959,2,4
0.3,863,964,4,5
0.3,864,1604,4,5
0.3,865,1064,4,5
0.3,866,1995,0,4
0.3,867,1609,0,4
0.3,868,1053,4,5
0.3,869,1663,0,4
0.3,870,2027,4,5
0.3,871,2005,2,4
0.3,872,1969,2,4
0.3,873,1931,2,4
0.3,874,1853,2,4
0.3,875,1660,0,4
0.3,876,1197,4,5
0.3,877,1640,2,4
0.3,878,1872,4,5
0.3,879,1173,2,4
0.3,880,1962,2,4
0.3,881,1971,4,5
0.3,882,1084,4,5
0.3,883,1603,4,5
0.3,884,2186,0,4
0.3,885,1761,0,4
0.3,886,1659,2,4
0.3,887,2293,5,6
0.3,888,1865,0,4
0.3,889,1750,2,4
0.3,890,1561,2,4
0.3,891,1995,0,4
0.3,892,1632,4,5
0.3,893,1784,0,4
0.3,894,1517,4,5
0.3,895,2081,2,4
0.3,896,1844,2,4
0.3,897,2321,5,7
0.3,898,1533,0,4
0.3,899,1269,4,5
0.3,900,1160,4,5
0.3,901,1899,0,4
0.3,902,1842,4,5
0.3,903,1711,0,4
0.3,904,1439,4,5
0.3,905,1496,0,4
0.3,906,1962,2,4
0.3,907,1393,4,5
0.3,908,1609,2,4
0.3,909,1637,4,5
0.3,910,1578,0,4
0.3,911,2225,2,4
0.3,912,2380,2,4
0.3,913,2353,2,4
0.3,914,1412,0,4
0.3,915,1185,4,5
0.3,916,1398,0,4
0.3,917,1754,4,5
0.3,918,1888,0,4
0.3,919,1607,4,5
0.3,920,1094,4,5
0.3,921,1206,2,4
0.3,922,1718,2,4
0.3,923,2104,0,4
0.3,924,1138,4,5
0.3,925,1507,4,5
0.3,926,1874,2,4
0.3,927,1942,0,4
0.3,928,1283,4,5
0.3,929,1808,2,4
0.3,930,1777,2,4
0.3,931,1264,4,5
0.3,932,1654,0,4
0.3,933,1673,0,4
0.3,934,1662,2,4
0.3,935,1608,5,9
0.3,936,1899,2,4
0.3,937,1603,4,5
0.3,938,1565,0,4
0.3,939,1600,2,4
0.3,940,1092,4,5
0.3,941,1881,0,4
0.3,942,1835,2,4
0.3,943,1584,2,4
0.3,944,1883,0,4
0.3,945,1686,2,4
0.3,946,1197,0,4
0.3,947,1570,2,4
0.3,948,1832,0,4
0.3,949,1460,4,5
0.3,950,1596,2,4
0.3,951,1658,0,4
0.3,952,1488,4,5
0.3,953,2051,0,4
0.3,954,1684,4,5
0.3,955,1670,0,4
0.3,956,2006,2,4
0.3,957,1623,0,4
0.3,958,1539,0,4
0.3,959,1774,0,4
0.3,960,1749,0,4
0.3,961,1958,2,4
0.3,962,1605,4,5
0.3,963,1405,4,5
0.3,964,1996,0,4
0.3,965,1731,2,4
0.3,966,1098,4,5
0.3,967,2155,2,4
0.3,968,1738,2,4
0.3,969,1698,4,5
0.3,970,1603,4,5
0.3,971,1909,2,4
0.3,972,1661,0,4
0.3,973,1209,4,5
0.3,974,1742,2,4
0.3,975,1476,0,4
0.3,976,1298,4,5
0.3,977,1706,4,5
0.3,978,1777,0,4
0.3,979,1181,4,5
0.3,980,1862,0,4
0.3,981,1267,4,5
0.3,982,1922,2,4
0.3,983,1464,4,5
0.3,984,1568,2,4
0.3,985,1973,2,4
0.3,986,2110,2,4
0.3,987,1526,4,5
0.3,988,1732,2,4
0.3,989,784,4,5
0.3,990,1925,0,4
0.3,991,1722,0,4
0.3,992,1898,0,4
0.3,993,1436,4,5
0.3,994,1787,0,4
0.3,995,2019,2,4
0.3,996,2188,2,4
0.3,997,2333,2,4
0.3,998,1401,4,5
0.3,999,1775,2,4
0.6,0,751,0,4
0.6,1,1137,0,4
0.6,2,725,4,5
0.6,3,854,2,4
0.6,4,903,2,4
0.6,5,835,2,4
0.6,6,822,2,4
0.6,7,915,2,4
0.6,8,957,0,4
0.6,9,910,2,4
0.6,10,934,2,4
0.6,11,857,4,5
0.6,12,1155,2,4
0.6,13,1032,0,4
0.6,14,942,2,4
0.6,15,611,0,4
0.6,16,761,0,4
0.6,17,914,0,4
0.6,18,814,0,4
0.6,19,1006,0,4
0.6,20,700,4,5
0.6,21,1052,0,4
0.6,22,916,2,4
0.6,23,1057,0,4
0.6,24,585,4,5
0.6,25,1048,0,4
0.6,26,964,2,4
0.6,27,783,0,4
0.6,28,963,2,4
0.6,29,861,4,5
0.6,30,845,4,5
0.6,31,1096,2,4
0.6,32,839,4,5
0.6,33,834,4,5
0.6,34,943,4,5
0.6,35,763,2,4
0.6,36,983,0,4
0.6,37,937,4,5
0.6,38,999,4,5
0.6,39,793,2,4
0.6,40,799,2,4
0.6,41,869,0,4
0.6,42,914,4,5
0.6,43,733,4,5
0.6,44,774,4,5
0.6,45,913,4,5
0.6,46,771,4,5
0.6,47,651,4,5
0.6,48,889,2,4
0.6,49,907,0,4
0.6,50,876,0,4
0.6,51,900,0,4
0.6,52,735,2,4
0.6,53,811,4,5
0.6,54,817,0,4
0.6,55,793,2,4
0.6,56,797,4,5
0.6,57,935,4,5
0.6,58,883,0,4
0.6,59,566,4,5
0.6,60,960,2,4
0.6,61,930,4,5
0.6,62,856,4,5
0.6,63,838,4,5
0.6,64,875,2,4
0.6,65,904,4,5
0.6,66,871,2,4
0.6,67,982,2,4
0.6,68,855,4,5
0.6,69,1132,0,4
0.6,70,864,4,5
0.6,71,982,2,4
0.6,72,874,0,4
0.6,73,911,4,5
0.6,74,818,0,4
0.6,75,825,4,5
0.6,76,783,2,4
0.6,77,878,4,5
0.6,78,1052,2,4
0.6,79,820,4,5
0.6,80,958,2,4
0.6,81,960,2,4
0.6,82,1080,2,4
0.6,83,970,4,5
0.6,84,847,2,4
0.6,85,882,2,4
0.6,86,802,0,4
0.6,87,917,4,5
0.6,88,1093,0,4
0.6,89,943,0,4
0.6,90,1044,0,4
0.6,91,936,2,4
0.6,92,835,4,5
0.6,93,997,4,5
0.6,94,813,2,4
0.6,95,791,0,4
0.6,96,1072,2,4
0.6,97,921,0,4
0.6,98,762,4,5
0.6,99,1055,0,4
0.6,100,982,4,5
0.6,101,798,2,4
0.6,102,779,4,5
0.6,103,953,4,5
0.6,104,1001,2,4
0.6,105,716,4,5
0.6,106,841,2,4
0.6,107,876,4,5
0.6,108,714,4,5
0.6,109,810,4,5
0.6,110,800,4,5
0.6,111,1005,2,4
0.6,112,879,0,4
0.6,113,969,2,4
0.6,114,738,4,5
0.6,115,1026,2,4
0.6,116,901,2,4
0.6,117,695,4,5
0.6,118,1092,4,5
0.6,119,957,4,5
0.6,120,739,4,5
0.6,121,720,4,5
0.6,122,861,2,4
0.6,123,910,4,5
0.6,124,739,0,4
0.6,125,945,4,5
0.6,126,957,0,4
0.6,127,1013,2,4
0.6,128,935,2,4
0.6,129,797,2,4
0.6,130,738,4,5
0.6,131,829,0,4
0.6,132,985,0,4
0.6,133,792,4,5
0.6,134,1054,0,4
0.6,135,918,2,4
0.6,136,862,4,5
0.6,137,814,4,5
0.6,138,920,2,4
0.6,139,821,4,5
0.6,140,1119,2,4
0.6,141,879,2,4
0.6,142,1092,0,4
0.6,143,858,4,5
0.6,144,923,4,5
0.6,145,957,0,4
0.6,146,647,4,5
0.6,147,765,2,4
0.6,148,835,0,4
0.6,149,899,0,4
0.6,150,759,4,5
0.6,151,461,4,5
0.6,152,760,4,5
0.6,153,1059,4,5
0.6,154,717,4,5
0.6,155,953,2,4
0.6,156,875,0,4
0.6,157,871,4,5
0.6,158,853,0,4
0.6,159,765,4,5
0.6,160,992,0,4
0.6,161,915,0,4
0.6,162,582,4,5
0.6,163,787,2,4
0.6,164,805,0,4
0.6,165,763,0,4
0.6,166,631,4,5
0.6,167,778,4,5
0.6,168,982,2,4
0.6,169,867,4,5
0.6,170,825,0,4
0.6,171,1058,2,4
0.6,172,745,0,4
0.6,173,941,0,4
0.6,174,645,4,5
0.6,175,785,4,5
0.6,176,750,4,5
0.6,177,837,2,4
0.6,178,925,2,4
0.6,179,632,4,5
0.6,180,724,4,5
0.6,181,886,4,5
0.6,182,933,2,4
0.6,183,906,0,4
0.6,184,802,0,4
0.6,185,857,0,4
0.6,186,1024,2,4
0.6,187,1135,0,4
0.6,188,1036,2,4
0.6,189,577,4,5
0.6,190,688,4,5
0.6,191,576,4,5
0.6,192,897,0,4
0.6,193,587,4,5
0.6,194,914,2,4
0.6,195,881,2,4
0.6,196,1089,0,4
0.6,197,1021,0,4
0.6,198,940,4,5
0.6,199,730,4,5
0.6,200,868,2,4
0.6,201,943,2,4
0.6,202,935,0,4
0.6,203,828,2,4
0.6,204,989,0,4
0.6,205,795,0,4
0.6,206,665,4,5
0.6,207,751,2,4
0.6,208,852,2,4
0.6,209,1090,0,4
0.6,210,947,0,4
0.6,211,1097,4,5
0.6,212,942,2,4
0.6,213,832,4,5
0.6,214,980,2,4
0.6,215,808,2,4
0.6,216,822,0,4
0.6,217,849,4,5
0.6,218,857,0,4
0.6,219,792,4,5
0.6,220,767,4,5
0.6,221,827,0,4
0.6,222,930,4,5
0.6,223,963,2,4
0.6,224,625,4,5
0.6,225,960,0,4
0.6,226,923,2,4
0.6,227,991,2,4
0.6,228,941,4,5
0.6,229,896,0,4
0.6,230,918,2,4
0.6,231,1181,2,4
0.6,232,1275,2,4
0.6,233,591,4,5
0.6,234,999,0,4
0.6,235,912,2,4
0.6,236,949,2,4
0.6,237,1072,0,4
0.6,238,997,0,4
0.6,239,744,4,5
0.6,240,856,2,4
0.6,241,936,0,4
0.6,242,813,0,4
0.6,243,996,0,4
0.6,244,1026,2,4
0.6,245,738,4,5
0.6,246,619,4,5
0.6,247,936,2,4
0.6,248,736,4,5
0.6,249,839,4,5
0.6,250,900,2,4
0.6,251,995,2,4
0.6,252,820,4,5
0.6,253,1224,2,4
0.6,254,814,4,5
0.6,255,663,4,5
0.6,256,771,4,5
0.6,257,873,4,5
0.6,258,846,2,4
0.6,259,751,0,4
0.6,260,757,2,4
0.6,261,553,4,5
0.6,262,1052,0,4
0.6,263,1075,2,4
0.6,264,722,4,5
0.6,265,955,0,4
0.6,266,1040,0,4
0.6,267,745,4,5
0.6,268,608,4,5
0.6,269,817,2,4
0.6,270,918,2,4
0.6,271,819,4,5
0.6,272,1054,0,4
0.6,273,950,4,5
0.6,274,783,4,5
0.6,275,797,2,4
0.6,276,801,4,5
0.6,277,987,2,4
0.6,278,873,4,5
0.6,279,1000,0,4
0.6,280,821,4,5
0.6,281,948,2,4
0.6,282,963,0,4
0.6,283,828,0,4
0.6,284,864,4,5
0.6,285,986,2,4
0.6,286,889,2,4
0.6,287,840,2,4
0.6,288,934,2,4
0.6,289,814,4,5
0.6,290,773,4,5
0.6,291,938,4,5
0.6,292,983,0,4
0.6,293,875,4,5
0.6,294,685,4,5
0.6,295,952,0,4
0.6,296,713,4,5
0.6,297,975,0,4
0.6,298,841,4,5
0.6,299,853,0,4
0.6,300,742,4,5
0.6,301,958,0,4
0.6,302,975,2,4
0.6,303,746,4,5
0.6,304,704,4,5
0.6,305,873,0,4
0.6,306,749,4,5
0.6,307,726,4,5
0.6,308,949,0,4
0.6,309,657,4,5
0.6,310,1061,0,4
0.6,311,684,4,5
0.6,312,978,0,4
0.6,313,661,0,4
0.6,314,657,4,5
0.6,315,811,2,4
0.6,316,871,0,4
0.6,317,850,0,4
0.6,318,883,2,4
0.6,319,870,2,4
0.6,320,1185,0,4
0.6,321,1102,0,4
0.6,322,969,0,4
0.6,323,848,0,4
0.6,324,996,0,4
0.6,325,1034,2,4
0.6,326,847,0,4
0.6,327,910,0,4
0.6,328,1042,0,4
0.6,329,765,0,4
0.6,330,1075,2,4
0.6,331,902,0,4
0.6,332,956,0,4
0.6,333,703,0,4
0.6,334,763,2,4
0.6,335,1031,2,4
0.6,336,956,0,4
0.6,337,940,2,4
0.6,338,672,4,5
0.6,339,1104,2,4
0.6,340,779,4,5
0.6,341,770,2,4
0.6,342,920,4,5
0.6,343,833,4,5
0.6,344,604,4,5
0.6,345,825,0,4
0.6,346,743,4,5
0.6,347,873,0,4
0.6,348,998,2,4
0.6,349,996,2,4
0.6,350,1003,4,5
0.6,351,922,2,4
0.6,352,898,4,5
0.6,353,787,2,4
0.6,354,838,4,5
0.6,355,898,0,4
0.6,356,893,4,5
0.6,357,877,4,5
0.6,358,735,4,5
0.6,359,929,4,5
0.6,360,999,0,4
0.6,361,960,2,4
0.6,362,898,0,4
0.6,363,852,4,5
0.6,364,914,0,4
0.6,365,919,0,4
0.6,366,748,4,5
0.6,367,830,2,4
0.6,368,980,2,4
0.6,369,513,4,5
0.6,370,730,4,5
0.6,371,708,4,5
0.6,372,1011,0,4
0.6,373,950,2,4
0.6,374,621,4,5
0.6,375,996,2,4
0.6,376,691,4,5
0.6,377,1008,2,4
0.6,378,875,4,5
0.6,379,763,4,5
0.6,380,944,2,4
0.6,381,941,4,5
0.6,382,674,4,5
0.6,383,722,4,5
0.6,384,722,4,5
0.6,385,790,2,4
0.6,386,919,0,4
0.6,387,805,4,5
0.6,388,495,4,5
0.6,389,890,2,4
0.6,390,843,4,5
0.6,391,1001,4,5
0.6,392,792,2,4
0.6,393,968,2,4
0.6,394,690,4,5
0.6,395,983,0,4
0.6,396,853,0,4
0.6,397,1194,2,4
0.6,398,940,2,4
0.6,399,966,2,4
0.6,400,728,0,4
0.6,401,762,4,5
0.6,402,888,2,4
0.6,403,923,2,4
0.6,404,1046,0,4
0.6,405,589,4,5
0.6,406,834,0,4
0.6,407,1043,2,4
0.6,408,1021,0,4
0.6,409,882,4,5
0.6,410,840,2,4
0.6,411,932,0,4
0.6,412,1078,0,4
0.6,413,922,0,4
0.6,414,891,4,5
0.6,415,1076,2,4
0.6,416,869,0,4
0.6,417,809,4,5
0.6,418,870,4,5
0.6,419,1053,0,4
0.6,420,848,2,4
0.6,421,749,4,5
0.6,422,898,4,5
0.6,423,1239,0,4
0.6,424,910,0,4
0.6,425,948,2,4
0.6,426,845,2,4
0.6,427,702,2,4
0.6,428,978,2,4
0.6,429,1061,0,4
0.6,430,927,0,4
0.6,431,911,2,4
0.6,432,817,0,4
0.6,433,903,0,4
0.6,434,1214,2,4
0.6,435,743,4,5
0.6,436,680,4,5
0.6,437,1029,0,4
0.6,438,819,4,5
0.6,439,893,2,4
0.6,440,925,0,4
0.6,441,1053,2,4
0.6,442,767,2,4
0.6,443,951,2,4
0.6,444,910,4,5
0.6,445,876,4,5
0.6,446,655,4,5
0.6,447,856,2,4
0.6,448,1045,0,4
0.6,449,858,0,4
0.6,450,1011,2,4
0.6,451,912,4,5
0.6,452,989,2,4
0.6,453,847,0,4
0.6,454,882,0,4
0.6,455,733,4,5
0.6,456,705,2,4
0.6,457,943,0,4
0.6,458,675,4,5
0.6,459,867,0,4
0.6,460,999,2,4
0.6,461,675,4,5
0.6,462,808,4,5
0.6,463,850,4,5
0.6,464,670,4,5
0.6,465,862,2,4
0.6,466,955,2,4
0.6,467,770,4,5
0.6,468,1085,4,5
0.6,469,944,4,5
0.6,470,954,2,4
0.6,471,876,2,4
0.6,472,906,0,4
0.6,473,997,2,4
0.6,474,584,4,5
0.6,475,948,4,5
0.6,476,1015,2,4
0.6,477,689,4,5
0.6,478,1099,0,4
0.6,479,971,0,4
0.6,480,765,0,4
0.6,481,732,4,5
0.6,482,872,0,4
0.6,483,944,2,4
0.6,484,675,4,5
0.6,485,964,2,4
0.6,486,1060,0,4
0.6,487,985,2,4
0.6,488,1012,0,4
0.6,489,975,0,4
0.6,490,961,0,4
0.6,491,1036,0,4
0.6,492,569,4,5
0.6,493,574,4,5
0.6,494,778,0,4
0.6,495,747,0,4
0.6,496,931,2,4
0.6,497,995,2,4
0.6,498,909,2,4
0.6,499,940,4,5
0.6,500,838,4,5
0.6,501,922,0,4
0.6,502,804,0,4
0.6,503,798,4,5
0.6,504,1027,0,4
0.6,505,786,4,5
0.6,506,1063,2,4
0.6,507,1095,2,4
0.6,508,757,4,5
0.6,509,820,4,5
0.6,510,748,4,5
0.6,511,918,0,4
0.6,512,953,4,5
0.6,513,802,4,5
0.6,514,960,2,4
0.6,515,810,0,4
0.6,516,890,0,4
0.6,517,1005,0,4
0.6,518,982,4,5
0.6,519,1012,2,4
0.6,520,905,0,4
0.6,521,979,0,4
0.6,522,588,4,5
0.6,523,989,2,4
0.6,524,951,2,4
0.6,525,865,0,4
0.6,526,900,2,4
0.6,527,654,4,5
0.6,528,845,4,5
0.6,529,936,0,4
0.6,530,955,4,5
0.6,531,901,0,4
0.6,532,782,0,4
0.6,533,847,2,4
0.6,534,801,4,5
0.6,535,1015,2,4
0.6,536,984,0,4
0.6,537,1076,2,4
0.6,538,878,0,4
0.6,539,860,0,4
0.6,540,849,4,5
0.6,541,673,4,5
0.6,542,932,4,5
0.6,543,985,2,4
0.6,544,1024,0,4
0.6,545,834,2,4
0.6,546,902,0,4
0.6,547,725,4,5
0.6,548,637,4,5
0.6,549,658,4,5
0.6,550,761,4,5
0.6,551,655,4,5
0.6,552,1114,2,4
0.6,553,999,2,4
0.6,554,1016,0,4
0.6,555,943,0,4
0.6,556,757,4,5
0.6,557,976,2,4
0.6,558,711,4,5
0.6,559,897,2,4
0.6,560,1108,0,4
0.6,561,1073,0,4
0.6,562,643,4,5
0.6,563,922,2,4
0.6,564,939,2,4
0.6,565,703,4,5
0.6,566,754,4,5
0.6,567,1033,4,5
0.6,568,1028,4,5
0.6,569,915,2,4
0.6,570,782,0,4
0.6,571,765,4,5
0.6,572,1124,0,4
0.6,573,974,2,4
0.6,574,761,4,5
0.6,575,709,4,5
0.6,576,868,4,5
0.6,577,1054,4,5
0.6,578,577,4,5
0.6,579,808,0,4
0.6,580,935,0,4
0.6,581,656,4,5
0.6,582,1122,0,4
0.6,583,914,2,4
0.6,584,843,2,4
0.6,585,1052,2,4
0.6,586,774,2,4
0.6,587,619,4,5
0.6,588,847,2,4
0.6,589,1048,0,4
0.6,590,1116,0,4
0.6,591,1017,0,4
0.6,592,738,4,5
0.6,593,1053,2,4
0.6,594,933,2,4
0.6,595,937,0,4
0.6,596,639,4,5
0.6,597,834,4,5
0.6,598,985,4,5
0.6,599,837,2,4
0.6,600,1044,0,4
0.6,601,884,2,4
0.6,602,974,2,4
0.6,603,858,0,4
0.6,604,1062,2,4
0.6,605,978,0,4
0.6,606,1076,2,4
0.6,607,910,2,4
0.6,608,1161,0,4
0.6,609,739,0,4
0.6,610,1064,4,5
0.6,611,892,2,4
0.6,612,837,4,5
0.6,613,847,4,5
0.6,614,1064,0,4
0.6,615,876,4,5
0.6,616,1024,0,4
0.6,617,824,0,4
0.6,618,861,2,4
0.6,619,794,4,5
0.6,620,1001,2,4
0.6,621,883,4,5
0.6,622,732,4,5
0.6,623,803,2,4
0.6,624,812,0,4
0.6,625,923,0,4
0.6,626,940,2,4
0.6,627,857,0,4
0.6,628,925,2,4
0.6,629,723,4,5
0.6,630,531,4,5
0.6,631,970,0,4
0.6,632,825,2,4
0.6,633,1040,0,4
0.6,634,1091,0,4
0.6,635,991,2,4
0.6,636,937,0,4
0.6,637,915,2,4
0.6,638,691,4,5
0.6,639,849,4,5
0.6,640,1024,2,4
0.6,641,844,4,5
0.6,642,987,2,4
0.6,643,1058,0,4
0.6,644,1010,2,4
0.6,645,822,4,5
0.6,646,980,2,4
0.6,647,873,0,4
0.6,648,893,0,4
0.6,649,882,0,4
0.6,650,815,0,4
0.6,651,844,2,4
0.6,652,671,4,5
0.6,653,855,0,4
0.6,654,799,0,4
0.6,655,869,2,4
0.6,656,1082,2,4
0.6,657,961,2,4
0.6,658,749,4,5
0.6,659,885,0,4
0.6,660,909,2,4
0.6,661,906,2,4
0.6,662,970,0,4
0.6,663,951,0,4
0.6,664,865,0,4
0.6,665,899,0,4
0.6,666,1020,2,4
0.6,667,828,0,4
0.6,668,934,2,4
0.6,669,976,0,4
0.6,670,787,0,4
0.6,671,769,4,5
0.6,672,791,2,4
0.6,673,695,2,4
0.6,674,1071,2,4
0.6,675,1113,0,4
0.6,676,839,4,5
0.6,677,739,4,5
0.6,678,856,4,5
0.6,679,1184,2,4
0.6,680,626,4,5
0.6,681,985,2,4
0.6,682,857,0,4
0.6,683,898,4,5
0.6,684,1274,0,4
0.6,685,742,4,5
0.6,686,575,4,5
0.6,687,914,2,4
0.6,688,893,0,4
0.6,689,662,4,5
0.6,690,834,2,4
0.6,691,777,4,5
0.6,692,739,2,4
0.6,693,777,4,5
0.6,694,915,2,4
0.6,695,797,2,4
0.6,696,754,4,5
0.6,697,906,0,4
0.6,698,864,0,4
0.6,699,869,4,5
0.6,700,754,0,4
0.6,701,926,2,4
0.6,702,932,0,4
0.6,703,1115,0,4
0.6,704,882,2,4
0.6,705,822,0,4
0.6,706,1187,0,4
0.6,707,793,4,5
0.6,708,853,2,4
0.6,709,917,2,4
0.6,710,844,4,5
0.6,711,803,0,4
0.6,712,947,0,4
0.6,713,928,2,4
0.6,714,984,4,5
0.6,715,1023,2,4
0.6,716,706,4,5
0.6,717,964,0,4
0.6,718,937,2,4
0.6,719,434,4,5
0.6,720,1018,2,4
0.6,721,882,0,4
0.6,722,993,2,4
0.6,723,1033,0,4
0.6,724,966,2,4
0.6,725,970,2,4
0.6,726,885,4,5
0.6,727,927,4,5
0.6,728,1000,2,4
0.6,729,936,0,4
0.6,730,952,0,4
0.6,731,859,4,5
0.6,732,767,4,5
0.6,733,891,4,5
0.6,734,940,4,5
0.6,735,811,0,4
0.6,736,594,4,5
0.6,737,982,2,4
0.6,738,584,4,5
0.6,739,1007,4,5
0.6,740,892,0,4
0.6,741,839,4,5
0.6,742,659,4,5
0.6,743,1087,0,4
0.6,744,914,4,5
0.6,745,817,2,4
0.6,746,810,4,5
0.6,747,841,4,5
0.6,748,1047,4,5
0.6,749,1057,2,4
0.6,750,682,2,4
0.6,751,741,4,5
0.6,752,914,2,4
0.6,753,800,4,5
0.6,754,631,4,5
0.6,755,935,2,4
0.6,756,703,4,5
0.6,757,757,2,4
0.6,758,896,0,4
0.6,759,816,4,5
0.6,760,680,4,5
0.6,761,697,4,5
0.6,762,828,4,5
0.6,763,706,4,5
0.6,764,878,0,4
0.6,765,890,4,5
0.6,766,790,4,5
0.6,767,758,4,5
0.6,768,828,2,4
0.6,769,867,2,4
0.6,770,730,0,4
0.6,771,1054,2,4
0.6,772,786,2,4
0.6,773,857,0,4
0.6,774,777,4,5
0.6,775,1052,0,4
0.6,776,971,4,5
0.6,777,970,2,4
0.6,778,846,4,5
0.6,779,868,0,4
0.6,780,836,2,4
0.6,781,737,2,4
0.6,782,791,2,4
0.6,783,1046,0,4
0.6,784,1010,2,4
0.6,785,722,4,5
0.6,786,1060,2,4
0.6,787,1112,4,5
0.6,788,903,2,4
0.6,789,588,0,4
0.6,790,1098,2,4
0.6,791,870,0,4
0.6,792,972,2,4
0.6,793,888,0,4
0.6,794,843,4,5
0.6,795,1181,0,4
0.6,796,919,0,4
0.6,797,907,4,5
0.6,798,819,0,4
0.6,799,847,4,5
0.6,800,599,4,5
0.6,801,1008,0,4
0.6,802,928,0,4
0.6,803,1091,0,4
0.6,804,788,4,5
0.6,805,876,0,4
0.6,806,822,4,5
0.6,807,1009,0,4
0.6,808,1163,0,4
0.6,809,723,2,4
0.6,810,1006,2,4
0.6,811,1025,0,4
0.6,812,1069,0,4
0.6,813,1078,2,4
0.6,814,862,0,4
0.6,815,927,2,4
0.6,816,918,2,4
0.6,817,1027,2,4
0.6,818,963,0,4
0.6,819,913,0,4
0.6,820,912,2,4
0.6,821,797,0,4
0.6,822,700,0,4
0.6,823,836,4,5
0.6,824,963,0,4
0.6,825,771,2,4
0.6,826,839,4,5
0.6,827,892,2,4
0.6,828,760,0,4
0.6,829,792,0,4
0.6,830,783,0,4
0.6,831,1146,2,4
0.6,832,889,0,4
0.6,833,851,4,5
0.6,834,835,0,4
0.6,835,921,2,4
0.6,836,862,0,4
0.6,837,999,0,4
0.6,838,1067,2,4
0.6,839,754,4,5
0.6,840,1014,0,4
0.6,841,681,4,5
0.6,842,884,2,4
0.6,843,944,2,4
0.6,844,818,4,5
0.6,845,1000,0,4
0.6,846,974,0,4
0.6,847,807,4,5
0.6,848,707,4,5
0.6,849,916,4,5
0.6,850,888,4,5
0.6,851,1094,0,4
0.6,852,1117,2,4
0.6,853,816,0,4
0.6,854,1163,2,4
0.6,855,826,0,4
0.6,856,725,2,4
0.6,857,878,2,4
0.6,858,677,4,5
0.6,859,939,4,5
0.6,860,718,4,5
0.6,861,869,0,4
0.6,862,936,4,5
0.6,863,781,4,5
0.6,864,1016,0,4
0.6,865,593,4,5
0.6,866,861,4,5
0.6,867,937,4,5
0.6,868,911,4,5
0.6,869,763,4,5
0.6,870,1172,0,4
0.6,871,951,2,4
0.6,872,860,0,4
0.6,873,799,0,4
0.6,874,560,4,5
0.6,875,1065,0,4
0.6,876,835,4,5
0.6,877,800,4,5
0.6,878,946,2,4
0.6,879,762,2,4
0.6,880,688,2,4
0.6,881,946,2,4
0.6,882,668,4,5
0.6,883,848,4,5
0.6,884,1250,0,4
0.6,885,835,4,5
0.6,886,911,2,4
0.6,887,939,2,4
0.6,888,883,2,4
0.6,889,690,4,5
0.6,890,906,2,4
0.6,891,1154,2,4
0.6,892,1063,2,4
0.6,893,962,0,4
0.6,894,830,2,4
0.6,895,966,2,4
0.6,896,1177,2,4
0.6,897,845,0,4
0.6,898,972,2,4
0.6,899,669,4,5
0.6,900,667,2,4
0.6,901,981,2,4
0.6,902,913,4,5
0.6,903,968,4,5
0.6,904,968,2,4
0.6,905,823,0,4
0.6,906,935,2,4
0.6,907,805,4,5
0.6,908,833,2,4
0.6,909,994,2,4
0.6,910,880,0,4
0.6,911,1242,2,4
0.6,912,1118,0,4
0.6,913,1019,2,4
0.6,914,842,0,4
0.6,915,874,4,5
0.6,916,925,0,4
0.6,917,671,4,5
0.6,918,802,0,4
0.6,919,981,0,4
0.6,920,565,4,5
0.6,921,567,4,5
0.6,922,743,2,4
0.6,923,1113,2,4
0.6,924,808,4,5
0.6,925,1054,0,4
0.6,926,809,4,5
0.6,927,1033,2,4
0.6,928,759,4,5
0.6,929,805,0,4
0.6,930,1015,2,4
0.6,931,840,4,5
0.6,932,939,0,4
0.6,933,766,2,4
0.6,934,1054,0,4
0.6,935,806,4,5
0.6,936,1100,2,4
0.6,937,1013,0,4
0.6,938,984,0,4
0.6,939,977,4,5
0.6,940,725,4,5
0.6,941,947,2,4
0.6,942,935,0,4
0.6,943,823,2,4
0.6,944,892,0,4
0.6,945,993,0,4
0.6,946,840,0,4
0.6,947,868,0,4
0.6,948,1282,0,4
0.6,949,770,4,5
0.6,950,910,0,4
0.6,951,1052,2,4
0.6,952,834,2,4
0.6,953,1042,0,4
0.6,954,841,4,5
0.6,955,934,2,4
0.6,956,921,2,4
0.6,957,703,0,4
0.6,958,823,2,4
0.6,959,611,4,5
0.6,960,925,2,4
0.6,961,1088,2,4
0.6,962,912,0,4
0.6,963,983,0,4
0.6,964,886,2,4
0.6,965,1001,2,4
0.6,966,788,4,5
0.6,967,899,2,4
0.6,968,756,2,4
0.6,969,1015,4,5
0.6,970,907,0,4
0.6,971,786,2,4
0.6,972,943,0,4
0.6,973,604,4,5
0.6,974,1037,0,4
0.6,975,878,0,4
0.6,976,1016,0,4
0.6,977,783,0,4
0.6,978,670,4,5
0.6,979,787,0,4
0.6,980,965,0,4
0.6,981,929,2,4
0.6,982,904,2,4
0.6,983,713,4,5
0.6,984,776,2,4
0.6,985,1123,2,4
0.6,986,979,0,4
0.6,987,735,2,4
0.6,988,807,2,4
0.6,989,697,4,5
0.6,990,910,0,4
0.6,991,849,0,4
0.6,992,1052,2,4
0.6,993,768,4,5
0.6,994,887,4,5
0.6,995,885,4,5
0.6,996,943,2,4
0.6,997,1011,2,4
0.6,998,975,0,4
0.6,999,708,2,4
